$MeshFormat
4.1 0 8
$EndMeshFormat
$PhysicalNames
4
2 1 "Inflow"
2 2 "Outflow"
2 3 "Side"
3 1 "inside"
$EndPhysicalNames
$Entities
103 4 3 1
1 1 0 0 0 
2 0.9998766324816606 0.01570731731182068 0 0 
3 0.9995065603657316 0.03141075907812829 0 0 
4 0.99888987496197 0.04710645070964266 0 0 
5 0.9980267284282716 0.06279051952931337 0 0 
6 0.996917333733128 0.07845909572784494 0 0 
7 0.99556196460308 0.09410831331851431 0 0 
8 0.9939609554551797 0.1097343110910453 0 0 
9 0.9921147013144779 0.1253332335643043 0 0 
10 0.9900236577165575 0.1409012319375827 0 0 
11 0.9876883405951378 0.1564344650402309 0 0 
12 0.9851093261547739 0.1719291002794095 0 0 
13 0.9822872507286887 0.1873813145857246 0 0 
14 0.9792228106217657 0.2027872953565125 0 0 
15 0.9759167619387474 0.2181432413965425 0 0 
16 0.9723699203976766 0.2334453638559054 0 0 
17 0.9685831611286311 0.2486898871648548 0 0 
18 0.9645574184577981 0.2638730499653729 0 0 
19 0.9602936856769431 0.2789911060392293 0 0 
20 0.9557930147983301 0.2940403252323039 0 0 
21 0.9510565162951535 0.3090169943749474 0 0 
22 0.9460853588275453 0.3239174181981494 0 0 
23 0.9408807689542255 0.3387379202452914 0 0 
24 0.9354440308298674 0.3534748437792571 0 0 
25 0.9297764858882515 0.3681245526846779 0 0 
26 0.9238795325112867 0.3826834323650898 0 0 
27 0.9177546256839811 0.3971478906347806 0 0 
28 0.9114032766354453 0.4115143586051088 0 0 
29 0.9048270524660196 0.4257792915650727 0 0 
30 0.8980275757606156 0.4399391698559151 0 0 
31 0.8910065241883679 0.4539904997395467 0 0 
32 0.8837656300886935 0.4679298142605733 0 0 
33 0.8763066800438636 0.4817536741017153 0 0 
34 0.8686315144381912 0.4954586684324076 0 0 
35 0.8607420270039436 0.5090414157503713 0 0 
36 0.8526401643540922 0.5224985647159488 0 0 
37 0.8443279255020151 0.5358267949789967 0 0 
38 0.8358073613682703 0.5490228179981318 0 0 
39 0.8270805742745618 0.5620833778521306 0 0 
40 0.8181497174250234 0.5750052520432786 0 0 
41 0.8090169943749475 0.5877852522924731 0 0 
42 0.7996846584870906 0.6004202253258839 0 0 
43 0.7901550123756903 0.6129070536529765 0 0 
44 0.7804304073383298 0.6252426563357051 0 0 
45 0.7705132427757893 0.6374239897486896 0 0 
46 0.7604059656000309 0.6494480483301837 0 0 
47 0.7501110696304596 0.6613118653236518 0 0 
48 0.7396310949786097 0.6730125135097733 0 0 
49 0.7289686274214116 0.6845471059286886 0 0 
50 0.7181262977631888 0.6959127965923143 0 0 
51 0.7071067811865476 0.7071067811865475 0 0 
52 0.6959127965923143 0.7181262977631888 0 0 
53 0.6845471059286886 0.7289686274214116 0 0 
54 0.6730125135097733 0.7396310949786097 0 0 
55 0.6613118653236519 0.7501110696304595 0 0 
56 0.6494480483301837 0.7604059656000309 0 0 
57 0.6374239897486897 0.7705132427757893 0 0 
58 0.6252426563357053 0.7804304073383297 0 0 
59 0.6129070536529765 0.7901550123756904 0 0 
60 0.6004202253258841 0.7996846584870905 0 0 
61 0.5877852522924732 0.8090169943749473 0 0 
62 0.5750052520432786 0.8181497174250234 0 0 
63 0.5620833778521307 0.8270805742745617 0 0 
64 0.5490228179981317 0.8358073613682703 0 0 
65 0.5358267949789965 0.8443279255020151 0 0 
66 0.5224985647159489 0.8526401643540922 0 0 
67 0.5090414157503712 0.8607420270039436 0 0 
68 0.4954586684324075 0.8686315144381912 0 0 
69 0.4817536741017152 0.8763066800438637 0 0 
70 0.4679298142605733 0.8837656300886935 0 0 
71 0.4539904997395468 0.8910065241883678 0 0 
72 0.4399391698559151 0.8980275757606156 0 0 
73 0.4257792915650727 0.9048270524660196 0 0 
74 0.4115143586051089 0.9114032766354452 0 0 
75 0.3971478906347806 0.9177546256839811 0 0 
76 0.3826834323650898 0.9238795325112867 0 0 
77 0.3681245526846781 0.9297764858882513 0 0 
78 0.3534748437792571 0.9354440308298674 0 0 
79 0.3387379202452915 0.9408807689542255 0 0 
80 0.3239174181981494 0.9460853588275453 0 0 
81 0.3090169943749475 0.9510565162951535 0 0 
82 0.2940403252323041 0.9557930147983301 0 0 
83 0.2789911060392295 0.960293685676943 0 0 
84 0.2638730499653728 0.9645574184577981 0 0 
85 0.2486898871648547 0.9685831611286311 0 0 
86 0.2334453638559055 0.9723699203976766 0 0 
87 0.2181432413965427 0.9759167619387473 0 0 
88 0.2027872953565127 0.9792228106217657 0 0 
89 0.1873813145857247 0.9822872507286886 0 0 
90 0.1719291002794095 0.985109326154774 0 0 
91 0.1564344650402309 0.9876883405951378 0 0 
92 0.1409012319375828 0.9900236577165575 0 0 
93 0.1253332335643045 0.9921147013144778 0 0 
94 0.1097343110910454 0.9939609554551797 0 0 
95 0.09410831331851428 0.99556196460308 0 0 
96 0.078459095727845 0.996917333733128 0 0 
97 0.06279051952931353 0.9980267284282716 0 0 
98 0.04710645070964268 0.99888987496197 0 0 
99 0.0314107590781284 0.9995065603657316 0 0 
100 0.01570731731182065 0.9998766324816606 0 0 
101 1.1 0 0 0 
102 1.1 1.110223024625157e-16 -1.224646769867106e-17 0 
103 0.03455164133215416 1.099457222487932 -1.224646852585168e-17 0 
2 0.8999999000000001 -1.000000000111022e-07 -0.1000001 1.1000001 1.000000000111022e-07 0.1000001 0 2 101 -101 
3 0.8798298704334607 -1.000050001110223e-07 -0.1201701036990414 1.100000100005 1.000050001110223e-07 0.1201701036990417 0 2 102 -102 
4 0.03455154133215421 -9.999999983634211e-08 -1.000000000122467e-07 1.10000028640876 1.099457322487932 9.999999998775373e-08 0 2 102 -103 
5 0.02277600652169049 0.8793857686769928 -0.1201701036990419 0.03455174133715438 1.099457322492932 0.1201701036990417 0 2 103 -103 
2 0.8798298704334607 -1.000050001110223e-07 -0.1201701036990414 1.100000100005 1.000050001110223e-07 0.1201701036990417 1 1 1 3 
3 0.02277600652669054 -1.000000000583867e-07 -0.1900113383245645 1.10000028640876 1.099457322487932 0.1900113383245642 1 3 4 4 -5 -4 3 
4 0.02277600652169049 0.8793857686769928 -0.1201701036990419 0.03455174133715438 1.099457322492932 0.1201701036990417 1 2 1 5 
1 0.02277600652169054 -1.000050000588004e-07 -0.1900113383295645 1.10000028641376 1.099457322492932 0.1900113383295642 1 0 3 2 -3 -4 
$EndEntities
$Nodes
9 652 102 765
0 102 0 1
102
1.1 1.110223024625157e-16 -1.224646769867106e-17
0 103 0 1
103
0.03455164133215416 1.099457222487932 -1.224646852585168e-17
1 3 0 12
116
117
118
119
120
121
122
123
124
125
126
127
1.088545602470288 6.035699676499329e-17 0.04647231738544647
1.056806473839616 3.394631843455797e-17 0.08229838716468878
1.012053665210413 2.415711927550612e-17 0.09927088775162274
0.9645395098664108 2.273408295044309e-17 0.09350162372646591
0.9251489247680259 2.331791716029866e-17 0.06631226535579471
0.902905818221329 2.278213884831861e-17 0.02393156628243032
0.9029058182213286 2.121130619277983e-17 -0.02393156628242943
0.9251489247680252 2.088918548148833e-17 -0.06631226535579418
0.9645395098664101 2.487267816651973e-17 -0.0935016237264657
1.012053665210412 3.566637288167487e-17 -0.09927088775162281
1.056806473839616 5.433611761229712e-17 -0.08229838716468864
1.088545602470288 8.019575560167019e-17 -0.04647231738544614
1 4 0 33
128
129
130
131
132
133
134
135
136
137
138
139
140
141
142
143
144
145
146
147
148
149
150
151
152
153
154
155
156
157
158
159
160
1.098872611673875 0.04978648147180215 -1.224646560719909e-17
1.095492901816546 0.09947090956201238 -1.224646632550842e-17
1.089868056955597 0.1489514717732427 -1.224646787179886e-17
1.082009726396991 0.1981267862428596 -1.224646921843386e-17
1.071934009102222 0.2468960887196934 -1.224646996246601e-17
1.059661458334852 0.2951594229775077 -1.224647007570748e-17
1.045217086550808 0.3428178426240279 -1.224646972232848e-17
1.028630357923381 0.3897736220067717 -1.224646913261927e-17
1.009935162243184 0.4359304679574699 -1.224646852240007e-17
0.9891697656786316 0.4811937317847146 -1.22464680484905e-17
0.9663767374635954 0.5254706175408583 -1.22464677915958e-17
0.9416028549412716 0.5686703816020762 -1.224646775890961e-17
0.9148989938125515 0.6107045166573439 -1.22464678996643e-17
0.886319997292965 0.6514869370634748 -1.224646812778414e-17
0.8559245469795789 0.6909341359931322 -1.224646834671622e-17
0.8237750213570274 0.7289653461190567 -1.224646847243465e-17
0.7899373559626212 0.7655026881855103 -1.224646845153467e-17
0.7544809034670235 0.8004713161404668 -1.224646827225711e-17
0.7174782945826224 0.833799560575859 -1.224646796720911e-17
0.6790052990630333 0.8654190722561315 -1.224646760747318e-17
0.6391406850374779 0.8952649665272379 -1.224646728872339e-17
0.597966074904958 0.9232759677492781 -1.224646711089398e-17
0.555565789173732 0.9493945557678656 -1.224646715387006e-17
0.5120266934469828 0.9735670999196638 -1.224646745259429e-17
0.4674380172690964 0.9957439956330224 -1.224646797590353e-17
0.4218911736748086 1.015879779904679 -1.22464686143301e-17
0.3754795626902183 1.03393323247797 -1.224646918302218e-17
0.3282983654713976 1.049867455660748 -1.224646944686318e-17
0.2804443339629388 1.063649930199354 -1.224646917580293e-17
0.2320155800777914 1.075252548016626 -1.224646823935767e-17
0.1831113651302614 1.084651626307643 -1.224646675018189e-17
0.1338318979729697 1.091827908990418 -1.224646526753666e-17
0.08427814453146557 1.096766568042139 -1.224646507230955e-17
1 5 0 12
161
162
163
164
165
166
167
168
169
170
171
172
0.03419187219283792 1.088008476314877 0.04647231738544636
0.0331949835340947 1.056285007096703 0.08229838716468869
0.03178935050968189 1.011554278553532 0.09927088775162274
0.03029698683633183 0.9640635656854314 0.09350162372646588
0.02905977493921967 0.9246924150657867 0.06631226535579451
0.02836114515295039 0.9024602827958167 0.02393156628243018
0.02836114515295038 0.9024602827958164 -0.02393156628242942
0.02905977493921965 0.924692415065786 -0.06631226535579397
0.03029698683633179 0.9640635656854302 -0.09350162372646548
0.03178935050968186 1.011554278553532 -0.09927088775162286
0.0331949835340947 1.056285007096702 -0.0822983871646889
0.03419187219283792 1.088008476314877 -0.04647231738544629
2 2 0 15
173
174
175
176
177
178
179
180
181
182
183
184
185
186
187
0.9932929167453369 -6.132626647812126e-18 -0.05523779017177813
0.9937450563351665 6.471851990021633e-18 0.05829326042131686
1.054026593806614 1.478412886218552e-18 0.01331635944694722
0.9438047845076509 3.00592537643551e-20 0.0002707496881043696
1.041649751798386 -4.096552070371568e-18 -0.03689846075525845
1.025594947647124 7.492710266016736e-18 0.06748833432405613
1.020855972649599 3.533498887241542e-18 0.03182692854379014
0.9827355845040817 1.698079201018985e-18 0.01529493771390938
1.011311901494415 -9.912614116390831e-19 -0.008928489048169053
0.9564319674357666 4.842116307387604e-18 0.04361390639527083
0.9747368232904829 -1.865441772871708e-18 -0.01680240574637277
0.9507381295665391 -4.727975448088448e-18 -0.04258581693245597
1.025950701898438 -7.596854418960519e-18 -0.068426381460837
1.054026592815574 5.313903317422522e-18 0.04786338600045383
1.071055487018822 -1.944400715263511e-18 -0.01751360467343934
2 3 0 432
188
189
190
191
192
193
194
195
196
197
198
199
200
201
202
203
204
205
206
207
208
209
210
211
212
213
214
215
216
217
218
219
220
221
222
223
224
225
226
227
228
229
230
231
232
233
234
235
236
237
238
239
240
241
242
243
244
245
246
247
248
249
250
251
252
253
254
255
256
257
258
259
260
261
262
263
264
265
266
267
268
269
270
271
272
273
274
275
276
277
278
279
280
281
282
283
284
285
286
287
288
289
290
291
292
293
294
295
296
297
298
299
300
301
302
303
304
305
306
307
308
309
310
311
312
313
314
315
316
317
318
319
320
321
322
323
324
325
326
327
328
329
330
331
332
333
334
335
336
337
338
339
340
341
342
343
344
345
346
347
348
349
350
351
352
353
354
355
356
357
358
359
360
361
362
363
364
365
366
367
368
369
370
371
372
373
374
375
376
377
378
379
380
381
382
383
384
385
386
387
388
389
390
391
392
393
394
395
396
397
398
399
400
401
402
403
404
405
406
407
408
409
410
411
412
413
414
415
416
417
418
419
420
421
422
423
424
425
426
427
428
429
430
431
432
433
434
435
436
437
438
439
440
441
442
443
444
445
446
447
448
449
450
451
452
453
454
455
456
457
458
459
460
461
462
463
464
465
466
467
468
469
470
471
472
473
474
475
476
477
478
479
480
481
482
483
484
485
486
487
488
489
490
491
492
493
494
495
496
497
498
499
500
501
502
503
504
505
506
507
508
509
510
511
512
513
514
515
516
517
518
519
520
521
522
523
524
525
526
527
528
529
530
531
532
533
534
535
536
537
538
539
540
541
542
543
544
545
546
547
548
549
550
551
552
553
554
555
556
557
558
559
560
561
562
563
564
565
566
567
568
569
570
571
572
573
574
575
576
577
578
579
580
581
582
583
584
585
586
587
588
589
590
591
592
593
594
595
596
597
598
599
600
601
602
603
604
605
606
607
608
609
610
611
612
613
614
615
616
617
618
619
0.8313848952250958 0.7062926552526407 -0.04168876121972463
0.6536527788894433 0.8731023400029787 -0.04216849438405416
0.9697321649478717 0.4991927526787623 -0.04216846774427611
0.495099598560855 0.9725640125093549 -0.04072956194355926
1.044163180776111 0.3162803213459761 -0.0414335457951503
0.348995157425178 1.033331789395167 -0.04216846407716345
1.05703266940335 0.2687989480291331 0.04216846842193203
1.010900224494292 0.4094568142226407 0.04216846065301259
0.9461443553282366 0.5425713539215564 0.04216847509808529
0.8639584304929483 0.6656905452835286 0.04216850399695463
0.7658586564700828 0.776547937604416 0.04216851493634074
0.6536527788894436 0.873102340002979 0.04216849438405301
0.5280898662864064 0.9542435633483037 0.04228087375396931
0.3954066850486898 1.016477704801063 0.04216846127908425
0.2541228197055987 1.060656151996949 0.04216847291754623
0.07865999276881856 0.8967445734669002 -0.006130302554724094
0.9109869697547056 0.03831453040029788 -0.04711080525069978
0.9429031866710271 0.04130961401490332 0.08271901284392068
0.2060894632940507 1.071176049708615 -0.04184991594876621
0.07223084966233458 0.985176738542263 0.09925561368974976
1.077280475085698 0.1721513094455727 -0.04157197789396652
1.010900224494291 0.4094568142226402 -0.04216846065301495
0.9206172074587825 0.5848378259315727 -0.04216848411574459
0.7669483099182062 0.7759321483975007 -0.04145727303030549
0.5721312174402081 0.9289438074598981 -0.0414736740510833
1.076649378579385 0.1696660844627973 0.04371991983240346
0.07235290927953933 0.9861482339815645 -0.09937071046489437
1.035742789276723 0.04046319800924538 0.09308781873670925
1.035355534980957 0.04136844548322542 -0.09322488945464862
0.1571683616988206 1.079290225560609 0.04216848157979688
0.1081581243826811 1.085297911802283 -0.04216848687584762
0.07126211449219975 1.072780283549893 0.06597941479821681
1.088159698551982 0.07401491530666648 0.04216848687525401
1.088188365779337 0.08152484014065677 -0.04093391259867239
0.1573519138981964 1.079370634508089 -0.04193972543100923
0.1774104268409937 1.05015493909788 -0.07596288224616395
0.2253258226491224 1.041000197591754 -0.0759012785655629
0.1943478749134736 1.008786288150213 -0.09619077532959582
0.2425091787979989 0.9996277980959203 -0.09581576071576751
0.2105382547805053 0.9625953696754432 -0.0989213043482422
0.2587271366688851 0.953469217900926 -0.09927130739896434
0.2273131940580287 0.9188233261989051 -0.08450103924789969
0.2753509154536899 0.909109848963301 -0.08654196827451061
0.1791961428655762 0.9281255355567152 -0.08369175366229677
0.1980901490715052 0.8941401502692367 -0.05398072884903204
0.3069448903144524 0.9442809309839455 -0.09974878900361558
0.3233636906082281 0.8991070875724283 -0.089547666374447
0.2926110773842102 0.8725872042191516 -0.06045549698136198
0.3410009674576246 0.8600796088399414 -0.0663858378448182
0.3552519017550544 0.9350593610538247 -0.0999996351585087
0.1502736073434911 0.9032357987672062 -0.05371594124633437
0.1718455017844747 0.8844441158121914 -0.01400136505958809
0.2195890656783376 0.8739640405154993 -0.01498967145294447
0.1962722815950514 0.8822475008599486 0.02736557094256639
0.3162124560081855 0.8459922655113383 -0.02493705570581759
0.363373811230763 0.8298292349435129 -0.03384892449480295
0.3886669315996396 0.8464168220160299 -0.07274985245885393
0.408712074614951 0.8126776782534066 -0.04289351276057785
0.3893610202348623 0.8114609318688237 0.002864513378388773
0.4334431002736797 0.7890518736964403 -0.007282454217972317
0.453597823528518 0.7942264258761328 -0.05207665482829971
0.4757406562302909 0.7659389714265171 -0.0181512276652962
0.4980703866539902 0.7747503083469807 -0.06136079581522288
0.5172908441500366 0.7420420530595033 -0.02983063950220046
0.5045582804246644 0.7472948832687045 0.01825946292992149
0.5427500848804093 0.7181336487307391 0.005698991938109909
0.5585768544516669 0.7169962931665357 -0.04123009994326853
0.5800687984090296 0.6884472405678803 -0.006966014223148409
0.5755957849289276 0.7027602530452512 0.04010553191275336
0.6091500395087925 0.6681767313891877 0.0285726414233391
0.6173605919715338 0.6571134107606685 -0.01795959606403425
0.6416545421569559 0.6331151422996292 0.01677392760897846
0.653316822824612 0.6255661372363263 -0.02971876470485699
0.6733739062944325 0.5972970707560035 0.004633838382512218
0.6889099770787921 0.5936203769779965 -0.04229397362921494
0.7040230248341733 0.5612364451221938 -0.008375665617553645
0.6757629732368922 0.6150323639582779 0.05058594768286134
0.723970245818614 0.5604903563613829 -0.05359765621145556
0.734457630437195 0.5242140466348733 -0.02153104252816927
0.7281537848044675 0.5349786988442179 0.02642074513397057
0.7531777387293556 0.4942782832756941 0.013248720831423
0.7642578049077634 0.4868001346043424 -0.03446282543289753
0.777361848598906 0.4535516824861389 -0.0004253736470489897
0.7606688047374189 0.5146363694971824 0.05781177876485732
0.7935779858684742 0.4489252004841109 -0.04704455815905119
0.8012990919128155 0.4121559979750864 -0.01469375082718452
0.799873714945545 0.4247858684445949 0.03320140905690928
0.8176133378344452 0.3808275587432386 0.01967988971288206
0.8245101123953512 0.3708747353633957 -0.02828629688747373
0.8347234906444212 0.3369313736323171 0.005667361089885714
0.8472461847465348 0.3292903733730786 -0.04143705431774146
0.8514928333842636 0.2926792461117459 -0.008838178338959038
0.8545922372707114 0.3058113897218134 0.03839052898534666
0.8649992259591314 0.2598167955049163 0.02501231279665556
0.8676947624253423 0.2485835349342398 -0.02266502166836958
0.8748084263603568 0.2140623473104021 0.01111255000916948
0.8833729788277018 0.2044241541140613 -0.0360372389721267
0.8308495212124489 0.4004269292682904 0.06296165215899345
0.8509686351715485 0.3717085951147627 -0.07002506173648704
0.8830216299071858 0.2777701757150126 0.06690854410622758
0.6173376672664156 0.6939343575255323 0.07020673677673318
0.423245151417928 0.8032002896935934 0.03893941282336198
0.3824850383962048 0.828383551294383 0.04827401174967942
0.8789529378909847 0.3299302367696098 -0.07911419479066063
0.6810448898403861 0.6330451172489739 -0.07123791930821009
0.8840522598398447 0.1689571035389489 -0.003283505389353727
0.8915568811913516 0.1811953446930983 0.04314100553244991
0.4218864852474847 0.8352150929164683 0.07660441190933096
0.8986356697865699 0.160223466616726 -0.04896592740237703
0.9122427089461511 0.1987750687463271 -0.07481673618250753
0.932426537871706 0.1554045051575599 -0.0837061386298539
0.384012452865364 0.8628153290796848 0.08312755665416607
0.7936410746248105 0.4903547919769621 -0.07415143284875962
0.5847291311310947 0.7327944309989729 0.07805758407970144
0.632826750231275 0.7330651415282295 0.09488536976565308
0.483389504199883 0.8153948492418919 -0.08536222771617782
0.5296051692851959 0.7987440415964316 -0.09092286700399532
0.4265330895823631 0.8798523177800892 0.09750212572125364
0.4581824544642684 0.8553352212209596 0.09549540895655534
0.9555164712636004 0.1961550491652197 -0.09693803913016641
0.9784795562768052 0.1532342549704646 -0.09953873003943581
0.2441478786739532 0.8700403778909295 0.02676658851761328
0.2265997450596893 0.895400222462917 0.064556425437777
0.1798481710548193 0.9070639636605391 0.0658280646697596
0.2115130267433696 0.9340032196345632 0.09059157631442602
0.2589540910294222 0.9216230366981247 0.09043130721137678
0.8946315156819155 0.1343956301501772 0.03020518265743911
0.9168800408871868 0.1500102977916191 0.07049215826735782
0.8916528404765044 0.3780814831177972 -0.09490900631599884
0.9326398610121911 0.3263061125562736 -0.09928650740020263
0.8271665541810768 0.4550066872402422 -0.08288514404706411
0.8339198342060794 0.5034216979315621 -0.0965856299467981
0.8738736824035169 0.4677722299711822 -0.09961152536395268
0.6009715890488656 0.7756608450740575 0.09822302567281876
0.6518605084199355 0.7795986300474265 0.09867631028303421
0.7392076812575004 0.5595004225442154 0.06842438195132579
0.7832882677134908 0.5457419206454515 0.08913032328496122
0.7663729639161492 0.5905297584658228 0.09457070154784943
0.8166849233895719 0.4501292073159595 0.07379906426210728
0.8598524286514434 0.4281374275967361 0.09188786138124982
0.8478488345266014 0.4908303751226999 0.09791256300505621
0.8770753471643803 0.3284419593111607 0.07729739473713483
0.9169943543008536 0.3011372863877266 0.0937403875271801
0.915165442323875 0.3638265259336591 0.09884327431164423
0.9573976240690064 0.3290377714275545 0.09923300899554384
0.9600675660901656 0.277832677881098 0.09999854572191011
0.8953033808246122 0.4624223817178111 0.09970530806537156
0.6805897029682112 0.7395505205597642 0.09987209643385238
0.3906365051718738 0.9094456414995998 0.09947764069621062
0.4325363623448692 0.9299658426759957 0.09665894840658089
0.7995718026159067 0.5360146931538177 -0.09274867425494521
0.8142883423722541 0.5829565828351653 0.09998947478515875
0.1640444474686833 0.9458053021062509 0.0916195747630027
0.1979479120098614 0.980030483850606 0.09999984206593128
0.5192233662418955 0.8462660589178417 -0.09974433470373949
0.4722940815149486 0.861741494196206 -0.09848867576330013
0.566176876961466 0.830789188899298 -0.09985577386522758
0.3471359787623396 0.8498611845455948 0.05727244016854605
0.9534641405630893 0.1126309348919686 -0.09169253973807848
0.9328152716658358 0.2391721609702238 -0.09289914796943501
0.9812685063386388 0.2376769264028333 -0.09953395970954503
0.1347859100280094 0.9157060937402027 0.06678827220286475
0.5534164935727998 0.7718620518221222 0.08646243716268973
0.5720585103217469 0.8159570506509666 0.09993915690399677
0.5760371663800032 0.7825020594350545 -0.09590090309817548
0.9187569344251867 0.2016818270427649 0.08047145478275809
0.9545920191926296 0.1684181872290582 0.09518255101328074
0.8473679051225287 0.5496978760242054 -0.09949376944537862
0.8106069595162552 0.5840777995752918 -0.09999608213622378
0.797986236438089 0.6292879925353227 0.09866908027025467
0.7486736020334275 0.6382905604289039 0.09868443826384693
0.7805348472025478 0.6761711723985789 0.09450674207791214
0.1536707792023833 0.9917317888475313 0.09993634282282367
0.5091989574153541 0.8944779283519581 -0.09562397253940844
0.4581836007455882 0.9161196439385706 -0.0970007213023088
0.9418872044347388 0.3802022659902533 -0.09875531042441518
0.9724446405427337 0.343258012551643 -0.09499220404665805
0.6126701795292026 0.8155308975386346 -0.09797404144455762
0.6225730932797617 0.7669970599420403 -0.09926124361389106
0.6582785960355819 0.7991952725884173 -0.09352609210383264
0.6694368885296202 0.7516162820268713 -0.09978752224263848
0.6332110016673199 0.7191229799869496 -0.090831692336379
0.949697097510052 0.1236328584777717 0.09061824591180921
0.9935144335745715 0.139495834953067 0.09994683655105184
0.9989870786548209 0.1955377935698983 0.09837675359499794
0.8556141481921878 0.5987216419705643 -0.08965668330324873
0.8218796734579347 0.6311412313458449 -0.0931960771220105
0.7749284434228094 0.6170139987058059 -0.0995539692777993
0.7859624782766599 0.6650449103364119 -0.09552678913404546
0.6962790060046214 0.7856162306167946 0.08673981548842771
1.000730755622983 0.1132588795376392 -0.09974620596129111
0.2739162671030698 1.030696717532307 -0.07470773835020102
0.8878647973828001 0.5087590774086705 0.0972481670517974
0.1490468289895814 1.016756834962625 -0.0961089509329051
0.9991671708567782 0.3038151486622148 0.08963423677018888
0.1275675578358647 0.9361737665476118 -0.08340148367594119
0.9567329529404057 0.3764494174269383 0.09596202765286391
0.6802445831628126 0.7034929854536516 -0.09768075997282864
0.7165214757539249 0.7354974222518805 -0.09633611152188105
0.1844119504705851 1.02602588514202 0.09053466935019507
0.7319609914672339 0.6850588900663592 0.09996790608634093
0.1444102265077754 1.036515780533956 0.08851649961890488
0.3939074239079458 0.9589503882411444 0.09302194450743631
0.3414065965249336 0.9386839241106175 0.09999330209173113
0.4376951826120341 0.9729811500551737 0.07433006235626648
0.9746937889807006 0.07043289981095384 -0.09737443558335616
1.026197957800882 0.1528968361240783 -0.09269181365631701
0.9878142303701182 0.09109458257089083 0.09967997227344778
1.031969568787852 0.1124355400294764 0.09246695740025787
0.231448117362089 1.014270803856996 0.09150082721414209
1.002136914665245 0.2546232986619529 0.09405023419658863
0.5263683363266605 0.8063251063943979 0.09287310507412311
0.5470895419773139 0.8547395700148215 0.09889379570845348
0.5917198911633963 0.8603774378062542 0.08969500735834426
0.5613427434423216 0.8985554395035459 0.08038457298785262
0.51375276218146 0.8960710955893301 0.09443275771940796
0.3390098995342369 0.9809154959362897 -0.09256211464379534
0.3871401535818458 0.9709995623669568 -0.08913545472848955
0.6002495230920598 0.8614974312339032 -0.08660891092685945
0.9367031910739131 0.4835404464199261 0.08407321180576956
0.9419694855956444 0.4446221805803635 0.09092265662466709
0.7625898547475733 0.7218225708998001 0.08658232041648255
0.8068446244966669 0.7065416516090739 0.06890131041342591
0.864663077844138 0.6364822491270061 -0.06762917376691918
0.3542988856137896 0.988113120515149 0.08676845564397706
0.3003050845021866 0.9740808994304665 0.09811554253234972
0.3184229205967426 1.017628115159496 0.07487694689060921
1.047279894039273 0.112270567309319 -0.08462349221206163
0.1057377523874937 0.9096717315335876 -0.05394281743563256
0.7279656079494201 0.6874881105163031 -0.09999172662976359
0.7618243691827802 0.7182375019621238 -0.08825780288712445
0.845736019672608 0.617587712316831 0.08814532932903379
0.861013480759855 0.5768795304057343 0.09313819356221988
0.887699240198886 0.6068532246777844 0.06579629043276281
0.9564395548502033 0.2822513674081258 -0.09996129026482392
1.006099466326641 0.2784834888791985 -0.08983419325788196
1.030989057022144 0.2421199830984128 -0.08071273504276955
0.4881680039667564 0.9424566897042728 0.07894529173427141
0.9109076497406294 0.4200940977357094 -0.09995160320093478
0.9567722426909163 0.4268712700803636 -0.08790205690014988
0.6630958252080992 0.8301259311937677 0.07810010393206401
0.9280705522167344 0.4657299985204943 -0.09234471906814332
0.9089192621875316 0.5013367005267456 -0.09249326652825855
0.4036398936723408 0.9257367849501469 -0.09950798868653196
0.4286797727383877 0.9633485405260352 -0.08389464661974297
0.9711818873833451 0.4706434512268772 0.06103800636859372
0.9095849303171699 0.281258876978278 -0.08776971352327176
0.415184052221467 0.9979668559945275 -0.05880138935116293
0.8899867293408369 0.5585281677711268 -0.08617815372582995
0.933745518415808 0.5353846996906855 -0.06458848194148166
0.6075505599579352 0.8944601103586658 0.05824837055983997
0.8001402730011981 0.500526312705741 0.08271106682073064
0.6460442381890446 0.6740895640092573 -0.07484881447226174
0.8690474445639436 0.3807019342597039 0.08588518630353155
0.6076872193202116 0.6833491914801409 -0.05180639788028533
0.2631499905539422 0.8621445778607755 -0.01674724743344027
0.291381506765106 0.8551846826318794 0.026092148904807
0.9602644236121937 0.2280396451956197 0.09914756710471001
1.04026835068843 0.2211176976351269 0.07724359458358758
0.07764259044759489 0.9408673686957273 -0.08289364614648011
0.6952493830026574 0.6556386546943245 0.08961853530912081
0.9085820261944163 0.5591517481225331 0.07437044201033095
0.7104635144375349 0.8191720541132387 0.05372079649329234
0.4220072303002042 0.8767280891194377 -0.09628803177900803
0.1229232088488848 0.8926483827826541 -0.01460876603762642
0.505827106097349 0.9377808981418342 -0.07556246924787796
0.5007361408551132 0.7769915463828957 0.06541819717002677
0.6481916298005381 0.6541216034272053 0.06115936131022766
0.6619168440776488 0.696470898764263 0.09201159062193257
0.4631177771144497 0.7768674201699556 0.02945022054214726
0.4694122516821316 0.8063961867255612 0.07430120175422299
0.869800723067472 0.2862743105069575 -0.05379369717265624
1.042590128548798 0.1674364974096136 0.08288305421399408
0.2697236177282241 0.8835607964455301 0.06477468179874683
0.3063160575592548 0.9078697536172703 0.09082347912009787
0.7201204729928702 0.59726921868766 0.07648233437868052
0.3456271445410543 0.8317800767100321 0.01208392861942484
0.8876597090184133 0.2299555513937251 0.05572190355861507
0.759897519239261 0.5255185497287254 -0.06488923019275555
0.7201519382273385 0.6021747743485585 -0.07903888215290111
0.762053811757807 0.5685068289336499 -0.08703113827416646
0.8223695587547285 0.4115607134856814 -0.05947144980813974
0.2437507418233054 0.8838949761309823 -0.05561230654088804
0.8613062194185886 0.4201907905973942 -0.09090755011772063
0.1507521201228446 0.8910870460686863 0.02712757421523648
0.5408979418304216 0.7379660011779902 0.05262425052915092
0.9183485893120159 0.250627022253345 0.08769121283283088
0.8309180539018457 0.5349919433836073 0.09930745607978378
1.069400053818599 0.2203754471567434 0.03949331445585331
0.5527316268602225 0.879371497622641 -0.09222663266703908
0.914335644540525 0.1157971212112384 -0.06212631706872532
0.9049116514488349 0.4111979270619016 0.0998171870187024
0.2918270604246731 0.9896031803959654 -0.0948307017069388
1.028192830848579 0.3638235249274349 -0.04219341931673309
0.9916789824479905 0.4548456112101802 -0.04143394344051238
1.083833203041981 0.1183190592259897 0.04302114336913158
1.083851553489862 0.1233448355355675 -0.04179302315481662
0.8003505718429124 0.7417614302051241 -0.04096014253231665
0.6138026996244946 0.9021644575632912 -0.04108415215937338
0.2060232853497376 1.071215438955577 0.04179305528260647
0.5293710310153088 0.9537918925623012 -0.0417930846424189
0.5877265436567548 0.7365903464093319 -0.08169598878230733
1.057236165753932 0.2685882094492983 -0.04185458397465781
0.2544065048694088 1.060736895647406 -0.0418560364416411
0.8336642347684541 0.6612301486418318 0.0767876512601056
0.7298346791548298 0.8093400253106113 -0.04397208779414353
0.7052179979620307 0.7822182659043221 -0.08468347878109897
0.689738024087973 0.844503983900121 -0.04279638905437537
0.3018725398769204 1.048082593112567 0.04213571278299822
0.7803241995078436 0.4709997010260282 0.04647026886085394
0.8430644961071367 0.3539543012299419 0.05162215545904514
0.3491804093614813 1.03345237452587 0.04179330577888474
0.9856461253664541 0.386677407338635 -0.08090052490165595
1.068145280116606 0.220852188342851 -0.04203005189407329
1.043820657137793 0.3166997981996023 0.04188330557317466
0.8934622520105445 0.1222112924388309 -0.01879732072722281
0.8969190829500783 0.08917713021954268 0.01632757938532481
0.9141124321947105 0.1054457721434055 0.06023223165166786
0.8988779003948764 0.04493869724529342 0.0003730836012307096
0.9955823089308473 0.3522503195337913 0.08280867210196141
0.5720306881722057 0.928648181092846 0.04213520292689577
0.4854866861987984 0.9768138242826261 0.04188318799746683
0.4367646007998051 0.8317731988453591 -0.07960278326223154
1.027583798681491 0.363383487274957 0.04370906617371601
1.004294937527065 0.195347065236031 -0.09729114216323717
1.046906895826808 0.1927809635972429 -0.07641060392940348
0.6221871730048932 0.8189879439766113 0.0958460917671478
0.1637896296006438 0.9711814158941683 -0.09885288664728174
0.5411678424096227 0.7549309747404712 -0.07027988717074909
0.8917764422497537 0.242050880242425 -0.06504317467493254
0.9307580630750186 0.07179263601112376 -0.07470489986172579
0.2456587641353191 0.9676400296258194 0.09998617220539173
0.9122624453066639 0.05369504857164262 0.05076136185657132
0.06766490425994537 0.9088888428521493 0.04637662002671033
0.371982147562826 0.8881963654664536 -0.09288162557062644
0.06819922813882005 0.9424897219394822 0.08348620691088018
0.1171368043329113 0.9564950461419246 0.09315603752080807
0.9874048568839113 0.04858802071138361 0.09934804544590295
0.06833203436513688 1.033053380115013 0.09355820918055102
0.0773591576469332 1.035219406533648 -0.09245506249874047
0.1300607108662664 1.057700658329156 -0.07541733114443624
0.3031133482140296 1.048210103040309 -0.04111665150680788
0.6467849292813526 0.8427312006555921 -0.07820492648612372
0.7028747132021831 0.5742633562966433 0.03833404265626919
1.013105153311612 0.33270943761895 -0.07482857336048983
0.117139736472923 0.9820617777059828 -0.09939577626842824
0.1152837999546435 1.085155550930827 0.04088004833415915
0.07905064825517939 1.070042338053846 -0.068389055994394
0.7326500528993678 0.6445064530836627 -0.09702488239092863
1.072720681579138 0.0383572948274549 0.06790811937428873
1.072656358515696 0.03970391345252159 -0.06792466427463563
0.470286388343895 0.8968831820528634 0.0991898611730406
0.7267002467488731 0.745778171879334 0.09107862804063914
0.269225233271525 1.002875222051345 0.092339891653426
0.8914743713872293 0.6303725232198981 -0.03958412119229498
0.5412038591136252 0.9207412361298682 -0.07330399005056672
0.826270774438765 0.6730754764517031 -0.07537282613997923
0.8024021233033585 0.7383332369116703 0.04273672205696706
0.9003105712895341 0.07960451330520764 -0.02738731190899693
0.9824649124346765 0.4221069015663534 0.07209106131782915
0.31833372116623 1.019216698342648 -0.07353141423213182
0.9220393562430154 0.5857413026794249 0.03833790626311788
0.3476397005992716 0.8916462938021666 0.09029263969849345
0.4404843100576395 0.9986726784618273 0.04034802449892477
0.1102120298224044 0.8967374640288618 0.02617060310327803
0.3729805672643282 1.006732920697189 -0.06769476162002612
1.057884310481096 0.08471187035444101 0.07903082218852976
0.1099915922447943 1.005989197551616 0.0992792345121865
0.801588132579482 0.7080856243981131 -0.07185507395553296
0.8379316849200663 0.7006095013806383 0.03862541494392891
0.744061409455924 0.762206795181951 -0.07584670963377503
0.06489273659682906 0.909808514039309 -0.04771891822958715
0.8624450466269861 0.6701682031913292 -0.03867706967099105
0.963665508866463 0.5123599407551196 0.04056456164618064
0.9430120824544285 0.03262207720785972 -0.08256125006907009
0.632173292849846 0.8574449113070662 0.07573944825141661
1.059456795207893 0.1521060745472841 -0.07109865088208189
0.9650107712671782 0.464746335846154 -0.07033023391831948
1.030758794752237 0.2787413001097869 0.07352211891207042
0.273095386398671 1.03567883587862 0.07033957733505851
0.9407884143040887 0.08195979351064382 0.08308621064434531
0.6874405885919148 0.849422032108502 0.03739160750497846
0.9990732960910368 0.4418012669363986 0.03824592651842015
0.582636803366527 0.8992123299440635 -0.06994358863684026
0.9884299157570228 0.03425904007795403 -0.09939575945587091
0.4557383281660475 0.9925806521401978 -0.03870925551242995
0.7349507616165251 0.7852203807642665 0.06555824050832978
0.2253582997378689 1.047835169193957 0.06960882021483059
0.5318068557421849 0.9264392816839317 0.0731114339434534
1.059821444018728 0.1322718615294113 0.07328017829664218
0.8964611407593284 0.6281886944669709 0.03226277158966685
0.3857891388306359 1.023002171111034 -0.03591770825849892
0.6943744401241659 0.6664988474848549 -0.09269604063735659
1.024386639111215 0.07877363131026741 -0.0961697556338524
0.9436716842491538 0.4959209041744356 -0.07508730509367721
0.6891379252812831 0.8170029203215069 -0.07253850527526293
0.178953741414875 1.058045296718616 0.06826677401806884
0.5016083155382964 0.8481574372850798 0.09892610296902626
0.9948435612175269 0.3900414481306006 0.07278777524223025
1.092741970414008 0.03623074427024956 0.03587724263321111
1.092741970413744 0.03623074427049923 -0.03587724263387464
0.07182774113417746 1.090624587045431 -0.03678790348966259
0.4021824698322919 0.9909124322002824 0.07197975402232333
0.9276076284497783 0.5285377270327275 0.07367458366578261
0.9500927181854817 0.544835631972758 -0.03052960774565411
0.3091399889882678 0.8752403670533984 0.06963797403814337
0.1137081546969609 1.018233742870947 -0.09693625997028378
0.8902132587218646 0.5982098952810443 -0.06883641379528725
1.065833241084291 0.07693738198567554 -0.07275375022536429
0.1033791723547362 1.052437536763438 0.08181324285834692
0.7018735633199527 0.7081847345868612 0.09995712244721081
1.034952365338647 0.2879323697425731 -0.06697552714281978
0.06952314191575121 1.09181488113458 0.03404514463094101
1.021076169334749 0.07563839774599647 0.09710830848095729
0.7554255891868582 0.7576944882023555 0.07147287185822616
0.9828841662264073 0.3072398726695315 -0.09546122050658502
1.020690220310691 0.3282105955170513 0.06923006603964169
0.7428788850628819 0.8026007797411845 0.03510269812803715
0.9874510514701178 0.4264063861666397 -0.06547686258238049
0.1405942550144203 1.065112194560939 0.06687165789247747
0.2903504758836863 0.9397780808986885 0.09864761345537941
0.4692535198959999 0.9614611217564363 -0.07154996276875807
0.09588181469198534 0.9212597674712032 0.06751960909735558
0.7744410053818326 0.7451675264106253 -0.06645264874554863
0.8670735292401124 0.6371578773026276 0.0649858600734524
0.8662186773545069 0.537346484687347 0.0981099324230805
0.8673563314180996 0.5183133386103366 -0.09945529999161745
0.94004445918822 0.4074134137451515 0.09694394106283793
0.6254544548837278 0.8765837726923921 -0.06399264630860292
0.6175880507443626 0.9060829834560274 0.0260767133084437
0.3665748899358713 1.012360724493598 0.06418328153998192
0.6372218015093905 0.6527454199371129 -0.04788293120731621
2 4 0 15
620
621
622
623
624
625
626
627
628
629
630
631
632
633
634
0.03120009749041993 0.9928027862436088 0.05523779017177873
0.03121429866256031 0.9932547027573594 -0.05829326042131651
0.03310767077545506 1.053506498597515 -0.01331635944694714
0.02964573352711753 0.9433390704001309 -0.0002707496881036277
0.03271892874120975 1.041135763060471 0.03689846075525854
0.03221466624670416 1.025088880008863 -0.06748833432405615
0.03206582062198416 1.020352243121031 -0.03182692854378998
0.03086850411555579 0.9822506627660335 -0.01529493771390864
0.03176605258475936 1.01081288080801 0.008928489048169464
0.03004233847489011 0.9559600233441636 -0.04361390639526981
0.03061727244405594 0.9742558479714676 0.01680240574637332
0.02986350173168255 0.950268994693707 0.04258581693245649
0.03222584006885161 1.025444458738579 0.06842638146083718
0.03310767074432764 1.053506497606963 -0.04786338600045385
0.03364252826041432 1.070526990115199 0.01751360467343944
3 1 0 131
635
636
637
638
639
640
641
642
643
644
645
646
647
648
649
650
651
652
653
654
655
656
657
658
659
660
661
662
663
664
665
666
667
668
669
670
671
672
673
674
675
676
677
678
679
680
681
682
683
684
685
686
687
688
689
690
691
692
693
694
695
696
697
698
699
700
701
702
703
704
705
706
707
708
709
710
711
712
713
714
715
716
717
718
719
720
721
722
723
724
725
726
727
728
729
730
731
732
733
734
735
736
737
738
739
740
741
742
743
744
745
746
747
748
749
750
751
752
753
754
755
756
757
758
759
760
761
762
763
764
765
0.1368544300021022 0.9912422205476416 -1.436789631339974e-05
0.8067390987482298 0.5909122541798785 -2.680962887927074e-06
0.5157388447572999 0.8571175988301442 -0.000168700092704116
0.9895455855054124 0.1428139891428535 -0.0001827955133934939
0.2511887675019122 0.9676137715022115 -0.0007011275834925557
0.9033434575831532 0.4286976086685382 -0.0001123037011303146
0.7114217207414467 0.7029642555890661 -0.0008457535663329574
0.3628472820978384 0.9319378830019979 -0.0002886904470553592
0.9571283809965423 0.2896318516038721 2.998983780852504e-06
0.5981363613167112 0.8008821402646213 -0.000372805628630582
0.8537606888020531 0.5090447587642732 -0.003700676699849276
0.4343385690307477 0.8843987716801343 -0.003161981741844231
1.001452037679011 0.0724973351724537 0.02435355009686054
0.9677137705995004 0.215008755915448 -0.02176871111381053
0.9531832051479535 0.3680463308424313 0.007824728201775155
0.7795458032825645 0.6643456257723068 -0.000634050484688703
0.6626157397329966 0.7610926081074614 -0.02189284683496318
0.1917775613194728 0.9675975778587984 0.03308029482374544
0.3107386149521282 0.9610378789556567 -0.03359539331976955
0.1981093880892584 1.000030952650536 -0.02866637659940257
0.0870556998661613 0.9947897007572737 -0.03454273063472249
0.3001894294731187 0.9286958579519514 0.02477967394827355
0.9848682772751994 0.05979517996318826 -0.03560808426237241
0.7465047444659513 0.6102208216721644 -0.01632149186206174
0.8907720686397476 0.3657577608081982 -0.00994471221877407
0.9108821539896333 0.4879517155104516 -0.0213996055749915
0.5794946032640536 0.8620669411296136 -0.004685792868254659
0.8487312178857287 0.5622055632048378 -0.03754054231943443
0.6655339316780998 0.7313310924437332 0.03652574482287613
0.4900522854860734 0.9145976177072856 -0.01039098244523515
0.5420705095970152 0.8073217100309845 -0.02932599932321076
0.08899716299111354 0.9786517833683797 0.03749290480436324
0.8598313332454646 0.5657376055264417 0.02540858796141753
0.4250494978340469 0.9475808287116462 0.004462379471095984
0.8904535257163291 0.4780032961602976 0.03812063090109073
0.9456809434166545 0.237223534978938 0.03272266659684558
0.9973949267217916 0.1978686065772732 0.03344829025705028
0.3046565652631656 0.9902118181950633 0.02056905892100462
0.8493167347226734 0.4500239146174341 -0.01995236548189792
1.010198564335514 0.2566249322288069 -0.002407700579439231
0.796973081586431 0.5311472531487043 -0.008087780102090925
0.6117537647018392 0.7408855506419538 0.007216552336940622
0.7695214906558915 0.6192295599908648 0.04012857027136029
0.08986558808870379 1.035784630546981 0.01241714818408268
0.9421531302484429 0.4045488114685556 -0.03616261734584501
1.02920991740997 0.1011189547306777 -0.0230061997940911
0.1858119890566709 0.9421384426800977 -0.02062028851268722
0.5532947464969993 0.8235226666813702 0.03819308748667992
0.6509088760716691 0.7914597012985249 0.03102577482697964
0.9150303226903721 0.3243356448607377 0.02882310798024844
0.9532306677807718 0.09596706890252174 -0.0009010363994322123
0.9088736956762365 0.3874715814225632 0.04231543361552451
0.1800590380059371 1.023314486763627 0.0217668786193889
0.6539173245387122 0.7032626096506499 -0.01405676276794831
0.9445131406839591 0.1770044023161321 0.01715150663347031
0.4774602596893038 0.8825731839703873 0.04016565650552816
0.4683832709707433 0.8474592970620731 -0.0330244603637035
0.3966920516362634 0.9027877474652144 0.04000105012322301
0.3820895712713219 0.885019919462235 -0.02935612249699591
0.7187526868952887 0.6475134424040501 0.02267884336917367
1.021871040517823 0.1890858213023256 -0.02068094577716497
0.7946747139129792 0.6278333891567002 -0.04253434881034411
0.9135593811830688 0.3155274960060375 -0.02877024934467616
0.7344336554655464 0.6639457349052975 -0.04024878067754859
0.7102129114068033 0.7599723585166769 0.01202203693920952
1.045871141565587 0.04748030620704213 -0.01130622098143186
0.2343832418679009 1.020087171152551 0.00887833014488427
0.2724790078354712 0.9206613836367202 -0.02377947476002183
0.9233046430127728 0.2486136454513664 -0.01719657063633361
0.6241058818423314 0.791269243452535 -0.04893049303132976
0.9682455223551204 0.3342411252592166 -0.03740416979885437
0.8303640529886891 0.6413991432405142 -0.001879364333237604
0.9696998284223366 0.3258965577000036 0.04074919793304414
0.757643937999925 0.7112284499896669 -0.02777491085203783
0.9714974404137596 0.1661121029486078 -0.04656982328295812
0.9668075905726794 0.2638943390382286 -0.04842043903583251
0.1072697409983231 0.9443696965519054 -0.002098540230891229
0.3591273083662338 0.9841313856755584 0.01651751630745436
0.8967721182200245 0.5411197838780695 -0.0167070680275611
0.8082865288648855 0.553918470954979 0.04075397817733846
1.029942031012208 0.1193581618707339 0.02890874963663242
0.3311027045879536 0.9043161644124565 -0.0354869099992316
0.6929172003994357 0.7236405841390722 -0.04821298124149795
0.1302514007222596 1.021562474969183 0.04120781019215451
0.4709330858667884 0.8311262568238899 0.02007638228640284
0.9800180981506317 0.1128157380455763 -0.04466504252511976
0.2354064510939012 0.9602904698611489 -0.05144543972457569
0.4235776513106767 0.9207260671655306 -0.04605044776565982
0.6456690907879309 0.8243229238141174 -0.01176684152865468
0.2393027619349962 0.9439840513418106 0.04588859427915725
0.9755895229390539 0.1154495170228264 0.04408226881257011
0.543470043454501 0.8794343071693973 -0.03981102816643299
0.7501083930458718 0.6920339797507812 0.03959140410625817
0.8890708476019046 0.4053554671485119 -0.04684478992890989
0.8486450963055148 0.5181693399575245 0.0499900269826756
0.9504057977742361 0.4195230500295384 0.02644212496253845
0.8599580686704839 0.423731129211628 0.03439017515240114
1.034607491235323 0.04420468599188084 0.04423783375335576
0.9635766045963342 0.04521467796488319 0.00698884543391875
0.1506923605980622 1.018311257041853 -0.04327940723875729
0.6035941260811306 0.8386779389404265 0.03578256582189285
0.2782068933033541 1.002761804238034 -0.02982274198690593
0.5282016279609868 0.8691410902780816 0.05043434591736884
0.5530881898741908 0.7717285217093913 0.01089917136571392
0.5873619329394384 0.8296012691709438 -0.04605957010860617
0.5937936906387937 0.7736303149878714 0.0451423380997347
0.3595557796621867 0.9497863763968717 -0.04967282859233543
0.07001060616897818 1.03165775991043 -0.04831250495595219
0.9786311815309164 0.2746397665936904 0.05052365161469818
0.1412922297708433 0.9704130739126255 0.04830769888047852
0.8305497996663715 0.6120556867219159 0.03980140572365844
0.9471718338980943 0.4516039473163393 -0.01527682348842424
1.005633402846329 0.3088365494297071 -0.006457279141513281
0.3436167482781279 0.9005061416700282 0.03802986049082241
0.3678836461389893 0.9450743416866234 0.04989048552431766
0.7966673869671312 0.5676497440506033 -0.04671270582552291
0.5453146026542748 0.8990704192883185 0.008335733923239337
0.7611387710135644 0.5736830108966109 0.01717892554809591
0.8255515711459642 0.4725622797126222 0.02059979194748834
0.1463042100720513 0.9662388765456275 -0.044948878639009
0.2276585089366254 0.9219759356240922 0.001073951696838688
0.5766038719071844 0.7691217946333836 -0.03521708637434665
0.8272507040202666 0.5168739916751762 -0.04651148762168828
0.6860921879108903 0.6644325091030789 -0.02322287010528185
0.5135335811687076 0.8039389364021473 0.01286577689297565
0.896002763384768 0.528837483556712 0.03317226774245309
1.018078009609988 0.1451249951575672 -0.04404518886745656
0.6851397742026839 0.6833587272857772 0.03938876267603169
0.9259258760599989 0.3588412371196677 -0.05434682177455837
0.9129951727427219 0.2743940949710911 0.02458114730484873
0.2579496577160632 0.9914371618448142 0.04391003204384108
$EndNodes
$Elements
4 3174 177 3350
2 2 2 41
177 116 175 102 
178 102 187 127 
179 175 187 102 
180 117 186 116 
181 116 186 175 
182 118 178 117 
183 178 186 117 
184 119 174 118 
185 174 178 118 
186 120 182 119 
187 119 182 174 
188 121 182 120 
189 122 176 121 
190 176 182 121 
191 123 184 122 
192 122 184 176 
193 124 184 123 
194 125 173 124 
195 173 184 124 
196 126 185 125 
197 125 185 173 
198 127 177 126 
199 177 185 126 
200 127 187 177 
201 177 181 173 
202 173 185 177 
203 181 183 173 
204 183 184 173 
205 174 179 178 
206 174 180 179 
207 174 182 180 
208 175 181 177 
209 177 187 175 
210 179 181 175 
211 175 186 179 
212 180 182 176 
213 176 183 180 
214 176 184 183 
215 179 186 178 
216 180 181 179 
217 180 183 181 
2 3 2 956
218 116 102 587 
219 102 127 588 
220 102 128 587 
221 128 102 588 
222 103 160 589 
223 160 103 600 
224 103 161 600 
225 172 103 589 
226 117 116 537 
227 537 116 587 
228 118 117 215 
229 215 117 537 
230 119 118 525 
231 118 215 525 
232 120 119 205 
233 205 119 525 
234 121 120 520 
235 120 205 520 
236 122 121 506 
237 506 121 520 
238 123 122 204 
239 204 122 506 
240 124 123 562 
241 123 204 562 
242 125 124 572 
243 124 562 572 
244 126 125 216 
245 216 125 572 
246 127 126 538 
247 126 216 538 
248 127 538 588 
249 128 129 220 
250 129 128 221 
251 128 220 587 
252 221 128 588 
253 129 130 483 
254 130 129 484 
255 220 129 483 
256 129 221 484 
257 131 130 208 
258 130 131 213 
259 208 130 484 
260 130 213 483 
261 131 132 476 
262 132 131 501 
263 131 208 501 
264 213 131 476 
265 132 133 194 
266 133 132 490 
267 132 194 476 
268 490 132 501 
269 134 133 192 
270 133 134 502 
271 192 133 490 
272 194 133 502 
273 135 134 481 
274 134 135 511 
275 134 192 481 
276 502 134 511 
277 135 136 195 
278 136 135 209 
279 135 195 511 
280 209 135 481 
281 137 136 482 
282 136 137 570 
283 195 136 570 
284 136 209 482 
285 138 137 190 
286 137 138 561 
287 190 137 482 
288 433 137 561 
289 137 433 570 
290 138 139 196 
291 139 138 592 
292 138 190 592 
293 138 196 561 
294 140 139 210 
295 139 140 549 
296 196 139 549 
297 210 139 592 
298 141 140 542 
299 140 141 578 
300 140 210 542 
301 549 140 578 
302 141 142 197 
303 142 141 560 
304 141 197 578 
305 141 542 560 
306 143 142 188 
307 142 143 557 
308 188 142 560 
309 197 142 557 
310 144 143 485 
311 143 144 545 
312 143 188 485 
313 143 545 557 
314 144 145 198 
315 145 144 211 
316 144 198 545 
317 211 144 485 
318 146 145 493 
319 145 146 605 
320 198 145 605 
321 145 211 493 
322 147 146 495 
323 146 147 569 
324 450 146 569 
325 146 450 605 
326 146 493 495 
327 148 147 189 
328 147 148 199 
329 189 147 495 
330 147 199 569 
331 149 148 486 
332 148 149 617 
333 148 189 486 
334 199 148 617 
335 150 149 212 
336 149 150 508 
337 212 149 486 
338 149 508 617 
339 150 151 200 
340 151 150 488 
341 150 200 508 
342 150 212 488 
343 152 151 191 
344 151 152 509 
345 191 151 488 
346 200 151 509 
347 152 153 551 
348 153 152 573 
349 152 191 573 
350 509 152 551 
351 153 154 201 
352 154 153 579 
353 153 201 551 
354 435 153 573 
355 153 435 579 
356 155 154 193 
357 154 155 499 
358 193 154 579 
359 201 154 499 
360 155 156 496 
361 156 155 529 
362 155 193 529 
363 155 496 499 
364 156 157 202 
365 157 156 491 
366 156 202 496 
367 491 156 529 
368 158 157 206 
369 157 158 487 
370 202 157 487 
371 206 157 491 
372 158 159 217 
373 159 158 222 
374 158 206 222 
375 158 217 487 
376 160 159 218 
377 159 160 534 
378 217 159 534 
379 218 159 222 
380 160 218 589 
381 534 160 600 
382 161 162 219 
383 161 219 600 
384 162 163 526 
385 219 162 526 
386 163 164 207 
387 163 207 526 
388 164 165 523 
389 207 164 523 
390 165 166 521 
391 165 521 523 
392 166 167 203 
393 166 203 521 
394 167 168 559 
395 203 167 559 
396 168 169 447 
397 168 447 559 
398 169 170 214 
399 169 214 447 
400 170 171 527 
401 214 170 527 
402 171 172 535 
403 527 171 535 
404 535 172 589 
405 485 188 556 
406 188 544 556 
407 544 188 560 
408 486 189 616 
409 189 495 530 
410 189 530 616 
411 437 190 582 
412 190 437 592 
413 190 482 565 
414 190 565 582 
415 453 191 488 
416 191 453 609 
417 573 191 609 
418 481 192 532 
419 192 490 599 
420 532 192 599 
421 529 193 548 
422 548 193 553 
423 553 193 579 
424 194 446 476 
425 446 194 566 
426 194 502 566 
427 511 195 586 
428 547 195 570 
429 195 547 586 
430 449 196 549 
431 196 449 591 
432 561 196 591 
433 492 197 557 
434 197 492 612 
435 578 197 612 
436 545 198 602 
437 198 574 602 
438 574 198 605 
439 428 199 563 
440 199 428 569 
441 199 438 563 
442 438 199 617 
443 425 200 509 
444 200 425 576 
445 508 200 576 
446 201 499 618 
447 551 201 590 
448 590 201 618 
449 202 487 575 
450 496 202 567 
451 567 202 575 
452 203 416 452 
453 416 203 559 
454 203 452 552 
455 521 203 552 
456 204 506 546 
457 518 204 546 
458 204 518 562 
459 520 205 568 
460 205 525 568 
461 222 206 223 
462 223 206 224 
463 224 206 491 
464 207 523 524 
465 207 524 555 
466 526 207 555 
467 208 484 564 
468 501 208 513 
469 513 208 564 
470 209 481 500 
471 482 209 606 
472 209 500 606 
473 436 210 437 
474 210 436 595 
475 437 210 592 
476 542 210 595 
477 211 485 611 
478 493 211 558 
479 558 211 611 
480 212 486 571 
481 488 212 543 
482 543 212 571 
483 213 446 460 
484 446 213 476 
485 213 460 577 
486 483 213 577 
487 447 214 533 
488 214 527 594 
489 533 214 594 
490 525 215 601 
491 215 537 554 
492 215 554 601 
493 538 216 596 
494 216 572 581 
495 216 581 596 
496 487 217 584 
497 217 534 607 
498 584 217 607 
499 218 222 528 
500 218 528 535 
501 218 535 589 
502 219 526 597 
503 534 219 597 
504 219 534 600 
505 220 483 554 
506 537 220 554 
507 220 537 587 
508 484 221 596 
509 538 221 588 
510 221 538 596 
511 222 223 528 
512 223 224 225 
513 223 225 381 
514 223 381 528 
515 225 224 226 
516 226 224 379 
517 379 224 491 
518 225 226 227 
519 225 227 515 
520 381 225 515 
521 227 226 228 
522 228 226 480 
523 226 379 480 
524 227 228 229 
525 227 229 231 
526 227 231 515 
527 229 228 230 
528 230 228 233 
529 233 228 480 
530 229 230 470 
531 231 229 232 
532 232 229 470 
533 230 233 234 
534 230 234 235 
535 230 235 470 
536 231 232 238 
537 231 238 383 
538 231 383 515 
539 238 232 239 
540 239 232 240 
541 240 232 470 
542 234 233 237 
543 237 233 404 
544 404 233 480 
545 235 234 236 
546 236 234 522 
547 234 237 522 
548 235 236 242 
549 235 242 443 
550 235 443 470 
551 242 236 243 
552 243 236 244 
553 244 236 522 
554 237 404 405 
555 237 405 431 
556 237 431 522 
557 238 239 452 
558 383 238 416 
559 416 238 452 
560 239 240 241 
561 239 241 472 
562 452 239 472 
563 241 240 309 
564 309 240 443 
565 443 240 470 
566 241 309 310 
567 241 310 311 
568 241 311 472 
569 242 243 464 
570 443 242 444 
571 444 242 464 
572 243 244 245 
573 243 245 246 
574 243 246 464 
575 245 244 510 
576 244 451 510 
577 451 244 522 
578 246 245 247 
579 247 245 248 
580 248 245 510 
581 246 247 289 
582 246 289 290 
583 246 290 464 
584 247 248 249 
585 247 249 457 
586 289 247 457 
587 249 248 250 
588 250 248 303 
589 303 248 510 
590 249 250 251 
591 249 251 252 
592 249 252 457 
593 251 250 516 
594 250 303 304 
595 250 304 516 
596 252 251 253 
597 253 251 254 
598 254 251 516 
599 252 253 473 
600 252 454 457 
601 454 252 473 
602 253 254 255 
603 253 255 256 
604 253 256 473 
605 255 254 442 
606 442 254 489 
607 489 254 516 
608 256 255 257 
609 257 255 258 
610 258 255 442 
611 256 257 288 
612 256 288 301 
613 256 301 473 
614 257 258 259 
615 257 259 455 
616 288 257 455 
617 259 258 260 
618 260 258 619 
619 258 442 619 
620 259 260 261 
621 259 261 264 
622 259 264 455 
623 261 260 262 
624 262 260 292 
625 292 260 619 
626 261 262 263 
627 261 263 531 
628 264 261 531 
629 263 262 265 
630 265 262 467 
631 262 292 467 
632 263 265 266 
633 263 266 267 
634 263 267 531 
635 264 448 455 
636 448 264 463 
637 463 264 531 
638 266 265 466 
639 466 265 468 
640 265 467 468 
641 267 266 268 
642 268 266 269 
643 269 266 466 
644 267 268 271 
645 267 271 323 
646 267 323 531 
647 268 269 270 
648 268 270 497 
649 271 268 497 
650 270 269 272 
651 272 269 300 
652 300 269 466 
653 270 272 273 
654 270 273 274 
655 270 274 497 
656 323 271 324 
657 324 271 439 
658 439 271 497 
659 273 272 469 
660 272 300 318 
661 272 318 469 
662 274 273 275 
663 275 273 276 
664 276 273 469 
665 274 275 285 
666 274 285 326 
667 274 326 497 
668 275 276 277 
669 275 277 498 
670 285 275 498 
671 277 276 278 
672 278 276 286 
673 286 276 469 
674 277 278 279 
675 277 279 280 
676 277 280 498 
677 279 278 459 
678 278 286 291 
679 278 291 459 
680 280 279 281 
681 281 279 282 
682 282 279 459 
683 280 281 287 
684 280 287 329 
685 280 329 498 
686 281 282 283 
687 281 283 465 
688 287 281 465 
689 283 282 284 
690 284 282 517 
691 282 459 517 
692 283 284 293 
693 283 293 294 
694 283 294 465 
695 293 284 296 
696 296 284 297 
697 297 284 517 
698 326 285 327 
699 327 285 441 
700 441 285 498 
701 291 286 316 
702 316 286 471 
703 286 469 471 
704 329 287 330 
705 330 287 474 
706 287 465 474 
707 301 288 302 
708 302 288 456 
709 288 455 456 
710 290 289 295 
711 295 289 458 
712 289 457 458 
713 290 295 299 
714 290 299 345 
715 290 345 464 
716 291 316 317 
717 291 317 434 
718 291 434 459 
719 292 440 580 
720 440 292 619 
721 467 292 536 
722 536 292 580 
723 294 293 314 
724 293 296 503 
725 314 293 503 
726 294 314 315 
727 294 315 353 
728 294 353 465 
729 299 295 305 
730 305 295 306 
731 306 295 458 
732 296 297 298 
733 296 298 478 
734 296 478 503 
735 298 297 307 
736 307 297 347 
737 347 297 517 
738 298 307 308 
739 298 308 346 
740 298 346 478 
741 299 305 336 
742 299 336 550 
743 345 299 550 
744 318 300 319 
745 319 300 338 
746 338 300 466 
747 301 302 321 
748 301 321 350 
749 301 350 473 
750 321 302 322 
751 322 302 335 
752 335 302 456 
753 304 303 342 
754 342 303 343 
755 343 303 510 
756 304 342 344 
757 304 344 352 
758 304 352 516 
759 305 306 539 
760 336 305 337 
761 337 305 539 
762 306 458 585 
763 539 306 585 
764 308 307 512 
765 307 347 348 
766 307 348 512 
767 346 308 378 
768 378 308 394 
769 394 308 512 
770 310 309 461 
771 309 443 444 
772 309 444 461 
773 311 310 312 
774 312 310 313 
775 313 310 461 
776 311 312 340 
777 311 340 349 
778 311 349 472 
779 312 313 519 
780 340 312 341 
781 341 312 519 
782 313 461 462 
783 313 462 608 
784 519 313 608 
785 315 314 505 
786 314 503 504 
787 314 504 505 
788 353 315 354 
789 354 315 370 
790 370 315 505 
791 317 316 363 
792 363 316 426 
793 426 316 471 
794 317 363 364 
795 317 364 603 
796 317 422 434 
797 422 317 603 
798 318 319 320 
799 318 320 471 
800 469 318 471 
801 320 319 614 
802 319 338 355 
803 319 355 614 
804 426 320 429 
805 320 426 471 
806 429 320 430 
807 430 320 614 
808 321 322 514 
809 350 321 351 
810 351 321 514 
811 322 335 377 
812 322 377 428 
813 322 428 514 
814 323 324 325 
815 323 325 463 
816 323 463 531 
817 325 324 339 
818 339 324 475 
819 324 439 475 
820 325 339 357 
821 325 357 358 
822 325 358 463 
823 326 327 328 
824 326 328 439 
825 326 439 497 
826 328 327 334 
827 334 327 479 
828 327 441 479 
829 328 334 380 
830 328 380 613 
831 439 328 475 
832 475 328 613 
833 329 330 331 
834 329 331 441 
835 329 441 498 
836 331 330 332 
837 332 330 333 
838 333 330 474 
839 331 332 384 
840 331 384 615 
841 441 331 479 
842 479 331 615 
843 332 333 382 
844 332 382 507 
845 384 332 507 
846 382 333 398 
847 398 333 445 
848 445 333 474 
849 380 334 407 
850 407 334 408 
851 408 334 479 
852 377 335 540 
853 335 456 598 
854 540 335 598 
855 336 337 390 
856 336 390 391 
857 336 391 550 
858 390 337 392 
859 392 337 425 
860 425 337 539 
861 355 338 356 
862 356 338 468 
863 338 466 468 
864 357 339 419 
865 419 339 420 
866 420 339 475 
867 340 341 360 
868 349 340 524 
869 340 360 524 
870 360 341 387 
871 387 341 397 
872 397 341 519 
873 342 343 361 
874 344 342 477 
875 342 361 477 
876 361 343 362 
877 362 343 451 
878 451 343 510 
879 352 344 365 
880 365 344 406 
881 406 344 477 
882 345 444 464 
883 444 345 593 
884 345 550 593 
885 346 378 393 
886 346 393 518 
887 478 346 518 
888 348 347 422 
889 422 347 434 
890 434 347 517 
891 348 422 423 
892 348 423 424 
893 348 424 512 
894 472 349 552 
895 349 524 610 
896 552 349 610 
897 350 351 399 
898 350 399 454 
899 350 454 473 
900 399 351 400 
901 400 351 401 
902 401 351 514 
903 352 365 366 
904 352 366 489 
905 352 489 516 
906 353 354 445 
907 353 445 474 
908 465 353 474 
909 354 370 371 
910 354 371 372 
911 354 372 445 
912 355 356 373 
913 355 373 436 
914 355 436 614 
915 373 356 374 
916 374 356 375 
917 375 356 468 
918 358 357 359 
919 359 357 492 
920 357 419 492 
921 358 359 388 
922 358 388 448 
923 358 448 463 
924 388 359 409 
925 409 359 410 
926 410 359 492 
927 360 387 389 
928 360 389 555 
929 524 360 555 
930 361 362 453 
931 361 453 543 
932 477 361 543 
933 362 431 432 
934 431 362 451 
935 362 432 609 
936 453 362 609 
937 364 363 500 
938 363 426 427 
939 363 427 500 
940 364 500 532 
941 364 532 603 
942 366 365 367 
943 367 365 530 
944 365 406 530 
945 366 367 368 
946 366 368 369 
947 366 369 489 
948 368 367 494 
949 494 367 583 
950 367 530 583 
951 369 368 385 
952 385 368 386 
953 386 368 494 
954 369 385 440 
955 369 440 442 
956 369 442 489 
957 371 370 395 
958 395 370 568 
959 370 505 568 
960 372 371 460 
961 371 395 396 
962 371 396 460 
963 372 398 445 
964 398 372 446 
965 446 372 460 
966 373 374 411 
967 373 411 595 
968 436 373 595 
969 374 375 376 
970 374 376 544 
971 411 374 544 
972 376 375 536 
973 467 375 468 
974 375 467 536 
975 376 417 418 
976 417 376 536 
977 376 418 556 
978 544 376 556 
979 428 377 450 
980 450 377 574 
981 377 540 574 
982 393 378 581 
983 378 394 415 
984 378 415 581 
985 480 379 548 
986 379 491 529 
987 379 529 548 
988 380 407 591 
989 449 380 591 
990 380 449 613 
991 381 515 533 
992 528 381 594 
993 381 533 594 
994 382 398 566 
995 507 382 604 
996 382 566 604 
997 383 416 447 
998 383 447 533 
999 515 383 533 
1000 384 507 586 
1001 547 384 586 
1002 384 547 615 
1003 385 386 417 
1004 385 417 580 
1005 440 385 580 
1006 417 386 418 
1007 418 386 558 
1008 386 494 558 
1009 389 387 584 
1010 387 397 575 
1011 387 575 584 
1012 388 409 540 
1013 448 388 598 
1014 388 540 598 
1015 555 389 597 
1016 389 584 607 
1017 597 389 607 
1018 391 390 412 
1019 390 392 590 
1020 412 390 590 
1021 391 412 413 
1022 391 413 608 
1023 391 462 550 
1024 462 391 608 
1025 392 425 509 
1026 392 509 551 
1027 392 551 590 
1028 518 393 562 
1029 562 393 572 
1030 572 393 581 
1031 415 394 564 
1032 394 512 513 
1033 394 513 564 
1034 396 395 601 
1035 525 395 568 
1036 395 525 601 
1037 460 396 577 
1038 396 554 577 
1039 554 396 601 
1040 397 519 541 
1041 397 541 567 
1042 397 567 575 
1043 398 446 566 
1044 399 400 585 
1045 454 399 458 
1046 458 399 585 
1047 400 401 402 
1048 400 402 403 
1049 400 403 585 
1050 402 401 438 
1051 438 401 563 
1052 401 514 563 
1053 403 402 576 
1054 402 438 508 
1055 402 508 576 
1056 403 425 539 
1057 425 403 576 
1058 403 539 585 
1059 405 404 553 
1060 404 480 548 
1061 404 548 553 
1062 431 405 432 
1063 432 405 435 
1064 435 405 553 
1065 406 477 571 
1066 530 406 616 
1067 406 571 616 
1068 407 408 433 
1069 407 433 561 
1070 407 561 591 
1071 433 408 547 
1072 408 479 615 
1073 547 408 615 
1074 409 410 545 
1075 540 409 602 
1076 409 545 602 
1077 410 492 557 
1078 545 410 557 
1079 542 411 560 
1080 411 542 595 
1081 411 544 560 
1082 413 412 414 
1083 414 412 618 
1084 412 590 618 
1085 413 414 541 
1086 519 413 541 
1087 413 519 608 
1088 496 414 499 
1089 414 496 567 
1090 499 414 618 
1091 541 414 567 
1092 484 415 564 
1093 415 484 596 
1094 581 415 596 
1095 447 416 559 
1096 417 536 580 
1097 556 418 611 
1098 418 558 611 
1099 419 420 421 
1100 419 421 612 
1101 492 419 612 
1102 421 420 449 
1103 449 420 613 
1104 420 475 613 
1105 421 449 549 
1106 421 549 578 
1107 421 578 612 
1108 423 422 603 
1109 424 423 599 
1110 423 532 599 
1111 532 423 603 
1112 424 490 501 
1113 490 424 599 
1114 424 501 513 
1115 512 424 513 
1116 427 426 429 
1117 427 429 565 
1118 500 427 606 
1119 427 565 606 
1120 428 450 569 
1121 514 428 563 
1122 429 430 582 
1123 565 429 582 
1124 430 436 437 
1125 436 430 614 
1126 430 437 582 
1127 431 451 522 
1128 432 435 573 
1129 432 573 609 
1130 433 547 570 
1131 459 434 517 
1132 435 553 579 
1133 508 438 617 
1134 442 440 619 
1135 461 444 593 
1136 455 448 456 
1137 456 448 598 
1138 450 574 605 
1139 452 472 552 
1140 453 488 543 
1141 457 454 458 
1142 462 461 593 
1143 550 462 593 
1144 477 543 571 
1145 503 478 546 
1146 478 518 546 
1147 500 481 532 
1148 565 482 606 
1149 554 483 577 
1150 485 556 611 
1151 571 486 616 
1152 575 487 584 
1153 494 493 558 
1154 493 494 583 
1155 495 493 583 
1156 530 495 583 
1157 502 511 604 
1158 566 502 604 
1159 504 503 546 
1160 505 504 520 
1161 504 506 520 
1162 506 504 546 
1163 505 520 568 
1164 507 511 586 
1165 511 507 604 
1166 523 521 610 
1167 521 552 610 
1168 524 523 610 
1169 526 555 597 
1170 528 527 535 
1171 527 528 594 
1172 534 597 607 
1173 574 540 602 
2 4 2 41
1174 161 103 634 
1175 103 172 622 
1176 103 622 634 
1177 162 161 624 
1178 624 161 634 
1179 163 162 632 
1180 162 624 632 
1181 164 163 620 
1182 620 163 632 
1183 165 164 631 
1184 164 620 631 
1185 166 165 631 
1186 167 166 623 
1187 623 166 631 
1188 168 167 629 
1189 167 623 629 
1190 169 168 629 
1191 170 169 621 
1192 621 169 629 
1193 171 170 625 
1194 170 621 625 
1195 172 171 633 
1196 171 625 633 
1197 622 172 633 
1198 620 624 628 
1199 624 620 632 
1200 620 628 630 
1201 620 630 631 
1202 625 621 626 
1203 626 621 627 
1204 627 621 629 
1205 624 622 628 
1206 622 624 634 
1207 622 626 628 
1208 626 622 633 
1209 623 627 629 
1210 627 623 630 
1211 630 623 631 
1212 625 626 633 
1213 626 627 628 
1214 628 627 630 
3 1 4 2136
1215 660 713 614 757 
1216 337 668 690 692 
1217 660 673 645 757 
1218 503 689 685 709 
1219 159 687 718 734 
1220 662 667 542 706 
1221 205 647 174 733 
1222 342 691 665 726 
1223 651 676 369 688 
1224 159 718 678 734 
1225 408 686 669 730 
1226 320 673 660 757 
1227 699 708 144 727 
1228 290 692 646 693 
1229 362 691 664 722 
1230 542 667 140 706 
1231 509 668 664 690 
1232 290 646 246 693 
1233 276 275 659 731 
1234 408 479 669 686 
1235 645 713 660 757 
1236 503 296 689 709 
1237 342 303 665 691 
1238 632 526 666 678 
1239 614 320 660 757 
1240 141 542 140 706 
1241 685 689 638 709 
1242 641 727 699 762 
1243 669 686 479 731 
1244 641 699 663 762 
1245 198 699 144 727 
1246 185 216 657 700 
1247 361 664 362 691 
1248 472 681 711 744 
1249 659 640 728 731 
1250 337 668 425 690 
1251 296 648 284 689 
1252 542 662 140 667 
1253 478 503 685 709 
1254 320 660 673 728 
1255 636 667 662 706 
1256 673 728 640 731 
1257 669 686 640 730 
1258 275 686 659 731 
1259 361 664 691 726 
1260 245 646 247 691 
1261 678 718 635 734 
1262 245 246 247 646 
1263 247 646 246 719 
1264 429 660 728 746 
1265 247 691 646 719 
1266 489 676 651 704 
1267 211 708 699 717 
1268 244 646 451 693 
1269 665 691 637 726 
1270 159 678 218 734 
1271 478 709 685 720 
1272 472 652 681 744 
1273 656 672 413 749 
1274 296 297 284 648 
1275 244 646 245 691 
1276 646 690 668 692 
1277 498 659 275 686 
1278 218 734 678 742 
1279 635 718 687 734 
1280 650 677 359 727 
1281 498 686 275 731 
1282 411 696 662 706 
1283 668 712 435 741 
1284 556 696 650 698 
1285 627 630 623 711 
1286 642 712 668 741 
1287 425 668 509 690 
1288 295 690 646 692 
1289 460 671 715 725 
1290 627 666 630 711 
1291 296 648 689 709 
1292 135 649 705 747 
1293 451 693 646 722 
1294 478 296 503 709 
1295 185 657 177 700 
1296 579 435 712 741 
1297 646 691 451 722 
1298 665 691 250 759 
1299 664 691 646 722 
1300 244 245 510 691 
1301 320 429 660 728 
1302 556 698 650 708 
1303 135 511 649 747 
1304 578 706 667 745 
1305 662 696 636 706 
1306 640 686 669 731 
1307 244 245 646 693 
1308 632 666 624 678 
1309 295 646 290 692 
1310 410 650 359 727 
1311 249 250 691 759 
1312 641 708 699 727 
1313 297 648 296 709 
1314 489 676 704 756 
1315 646 690 295 719 
1316 525 174 205 647 
1317 146 683 651 699 
1318 651 683 146 723 
1319 614 713 662 757 
1320 492 677 650 745 
1321 193 712 653 741 
1322 638 695 671 715 
1323 429 728 679 746 
1324 652 687 397 765 
1325 359 650 492 677 
1326 489 369 651 676 
1327 614 660 430 713 
1328 130 715 695 761 
1329 660 640 728 746 
1330 193 672 653 712 
1331 652 701 687 765 
1332 272 269 753 757 
1333 678 734 655 742 
1334 248 249 250 691 
1335 492 650 706 745 
1336 334 408 479 669 
1337 632 624 526 678 
1338 511 707 649 747 
1339 136 209 649 679 
1340 284 689 648 703 
1341 362 451 691 722 
1342 442 369 676 688 
1343 361 362 343 691 
1344 493 699 651 717 
1345 136 679 649 730 
1346 638 715 671 725 
1347 361 691 342 726 
1348 283 689 284 703 
1349 193 653 672 736 
1350 334 669 479 731 
1351 464 692 290 693 
1352 632 620 624 666 
1353 664 668 191 722 
1354 295 305 690 692 
1355 635 711 681 744 
1356 649 679 209 705 
1357 222 159 218 734 
1358 135 134 511 747 
1359 640 673 660 728 
1360 411 662 542 706 
1361 422 705 697 710 
1362 140 667 662 713 
1363 664 668 646 690 
1364 182 205 174 733 
1365 227 681 654 754 
1366 410 492 359 650 
1367 246 646 245 693 
1368 654 721 224 736 
1369 227 654 681 721 
1370 675 753 269 757 
1371 472 652 241 681 
1372 320 318 673 757 
1373 561 669 660 746 
1374 671 674 476 695 
1375 250 665 303 691 
1376 296 284 293 689 
1377 424 674 648 695 
1378 337 392 425 668 
1379 129 700 220 715 
1380 627 655 666 711 
1381 430 614 320 660 
1382 270 272 269 753 
1383 675 714 497 753 
1384 193 579 712 741 
1385 289 246 290 646 
1386 136 209 135 649 
1387 224 721 226 736 
1388 503 314 685 689 
1389 495 651 146 723 
1390 412 413 672 749 
1391 158 206 687 734 
1392 387 397 652 687 
1393 272 753 673 757 
1394 289 646 295 719 
1395 289 290 295 646 
1396 464 290 246 693 
1397 670 671 353 689 
1398 685 689 314 725 
1399 185 173 177 657 
1400 217 159 687 718 
1401 460 371 671 725 
1402 599 705 710 747 
1403 373 662 411 696 
1404 132 476 674 695 
1405 489 651 369 704 
1406 629 627 623 711 
1407 460 715 371 725 
1408 129 680 700 715 
1409 391 656 413 749 
1410 654 687 206 734 
1411 205 568 647 733 
1412 368 366 651 704 
1413 193 672 155 736 
1414 354 689 671 725 
1415 246 646 289 719 
1416 464 692 693 748 
1417 438 661 735 737 
1418 685 709 638 720 
1419 491 654 224 736 
1420 609 191 668 722 
1421 558 708 211 717 
1422 648 674 424 710 
1423 657 685 204 733 
1424 472 311 241 652 
1425 632 526 620 666 
1426 719 737 458 759 
1427 130 680 715 761 
1428 262 261 658 758 
1429 271 497 675 714 
1430 136 649 195 730 
1431 399 737 682 759 
1432 609 664 191 722 
1433 283 293 284 689 
1434 452 472 681 711 
1435 343 362 451 691 
1436 227 231 681 754 
1437 608 656 724 765 
1438 261 694 658 758 
1439 185 216 173 657 
1440 195 136 135 649 
1441 438 661 737 751 
1442 228 702 653 721 
1443 155 672 193 712 
1444 241 681 652 755 
1445 491 701 654 736 
1446 453 362 361 664 
1447 433 730 669 746 
1448 662 696 373 750 
1449 663 302 683 740 
1450 201 668 590 712 
1451 305 337 690 692 
1452 663 676 302 740 
1453 174 647 180 733 
1454 277 279 659 684 
1455 668 590 712 749 
1456 670 689 283 703 
1457 629 655 627 711 
1458 568 725 647 733 
1459 557 492 650 706 
1460 627 628 630 666 
1461 228 230 653 702 
1462 494 493 651 717 
1463 180 647 174 732 
1464 158 222 206 734 
1465 669 730 640 746 
1466 667 706 636 745 
1467 200 690 664 751 
1468 304 342 303 665 
1469 188 650 696 706 
1470 472 311 652 744 
1471 637 691 664 726 
1472 556 376 696 698 
1473 211 144 699 708 
1474 695 715 638 761 
1475 413 672 656 765 
1476 439 714 729 753 
1477 301 302 676 740 
1478 362 664 609 722 
1479 279 659 684 697 
1480 174 647 525 732 
1481 424 648 512 695 
1482 384 686 649 707 
1483 429 679 565 746 
1484 439 497 714 753 
1485 410 557 492 650 
1486 179 180 174 732 
1487 635 681 652 744 
1488 559 655 629 711 
1489 693 716 464 748 
1490 135 705 481 747 
1491 302 663 288 676 
1492 146 651 493 699 
1493 601 647 395 725 
1494 200 576 690 751 
1495 576 737 690 751 
1496 435 722 668 741 
1497 297 284 648 703 
1498 277 280 279 684 
1499 297 648 347 703 
1500 596 657 216 700 
1501 671 695 213 715 
1502 265 266 750 752 
1503 293 503 296 689 
1504 233 228 230 653 
1505 598 540 727 762 
1506 568 685 725 733 
1507 495 583 651 723 
1508 189 723 661 739 
1509 545 198 144 727 
1510 647 725 685 733 
1511 596 680 657 700 
1512 480 228 653 721 
1513 531 677 658 694 
1514 684 686 331 707 
1515 671 689 638 725 
1516 339 714 677 745 
1517 598 663 540 762 
1518 498 684 659 686 
1519 301 302 288 676 
1520 531 658 677 752 
1521 656 309 724 755 
1522 526 555 666 718 
1523 193 553 579 741 
1524 427 565 429 679 
1525 387 687 652 744 
1526 608 413 656 765 
1527 387 397 341 652 
1528 387 575 397 687 
1529 206 687 654 701 
1530 498 275 285 731 
1531 265 750 658 752 
1532 609 668 573 722 
1533 361 343 342 691 
1534 559 629 623 711 
1535 181 647 657 733 
1536 227 681 231 721 
1537 384 649 686 730 
1538 649 686 684 707 
1539 545 144 708 727 
1540 627 655 628 666 
1541 495 493 146 651 
1542 691 719 249 759 
1543 341 724 652 765 
1544 668 692 392 749 
1545 436 662 614 713 
1546 509 425 392 668 
1547 444 702 656 716 
1548 156 672 496 701 
1549 438 735 401 737 
1550 201 551 590 668 
1551 198 602 699 727 
1552 325 677 339 714 
1553 392 668 337 692 
1554 424 348 648 710 
1555 189 148 661 723 
1556 502 674 743 747 
1557 257 676 663 688 
1558 446 674 671 743 
1559 480 721 653 736 
1560 276 469 673 728 
1561 157 687 206 701 
1562 238 711 681 754 
1563 561 433 669 746 
1564 452 681 238 711 
1565 384 586 649 730 
1566 347 297 307 648 
1567 368 366 369 651 
1568 270 269 675 753 
1569 353 670 445 671 
1570 262 658 698 758 
1571 354 353 671 689 
1572 366 369 651 704 
1573 158 217 159 687 
1574 528 734 218 742 
1575 489 442 369 676 
1576 314 689 315 725 
1577 434 422 697 710 
1578 341 652 397 765 
1579 371 354 671 725 
1580 495 583 493 651 
1581 653 656 642 712 
1582 653 672 656 712 
1583 672 712 412 749 
1584 471 320 673 728 
1585 399 458 737 759 
1586 447 655 559 711 
1587 130 695 208 761 
1588 271 439 497 714 
1589 659 686 640 731 
1590 512 695 648 709 
1591 472 349 311 744 
1592 230 233 653 716 
1593 561 660 669 760 
1594 188 696 544 706 
1595 227 515 231 754 
1596 675 729 714 753 
1597 156 672 701 736 
1598 257 688 663 762 
1599 438 401 402 737 
1600 699 708 641 717 
1601 444 716 656 748 
1602 279 282 697 764 
1603 668 692 642 693 
1604 646 692 668 693 
1605 140 662 210 713 
1606 693 722 522 741 
1607 656 702 309 755 
1608 433 408 669 730 
1609 658 696 467 698 
1610 656 712 672 749 
1611 309 461 656 724 
1612 468 696 658 750 
1613 347 703 648 710 
1614 496 701 672 765 
1615 438 737 402 751 
1616 348 512 424 648 
1617 526 597 555 718 
1618 191 664 152 668 
1619 583 704 651 723 
1620 472 711 349 744 
1621 387 718 687 744 
1622 384 649 586 707 
1623 157 158 206 687 
1624 601 554 647 715 
1625 347 307 348 648 
1626 682 735 661 737 
1627 257 288 663 676 
1628 230 702 228 721 
1629 302 322 683 740 
1630 248 250 303 691 
1631 220 554 715 732 
1632 241 652 311 755 
1633 636 696 662 750 
1634 379 224 226 736 
1635 181 180 647 733 
1636 655 678 635 734 
1637 675 750 266 752 
1638 637 691 665 759 
1639 532 599 705 710 
1640 282 703 697 764 
1641 362 453 609 664 
1642 369 651 688 717 
1643 294 283 670 689 
1644 573 609 191 668 
1645 668 722 642 741 
1646 556 650 188 708 
1647 243 246 245 693 
1648 453 664 361 726 
1649 181 657 647 700 
1650 511 586 649 707 
1651 663 683 377 699 
1652 445 671 670 743 
1653 602 540 699 727 
1654 599 532 705 747 
1655 193 653 553 741 
1656 348 347 648 710 
1657 509 152 664 668 
1658 452 472 239 681 
1659 652 724 311 755 
1660 531 658 261 694 
1661 248 249 691 719 
1662 391 608 413 656 
1663 230 653 702 716 
1664 206 654 491 701 
1665 546 204 685 733 
1666 401 735 682 737 
1667 320 614 319 757 
1668 135 511 195 649 
1669 655 734 594 742 
1670 148 661 723 735 
1671 138 561 660 746 
1672 188 650 143 708 
1673 511 586 195 649 
1674 664 690 646 691 
1675 637 690 664 691 
1676 271 497 268 675 
1677 599 710 674 747 
1678 679 730 136 746 
1679 247 246 289 719 
1680 596 581 216 657 
1681 542 210 140 662 
1682 505 685 314 725 
1683 356 373 696 750 
1684 638 689 685 725 
1685 671 674 670 743 
1686 679 728 640 746 
1687 320 319 318 757 
1688 358 677 694 727 
1689 512 648 307 709 
1690 302 322 663 683 
1691 193 155 529 736 
1692 330 707 743 764 
1693 248 247 249 719 
1694 130 213 695 715 
1695 330 684 707 764 
1696 384 331 686 707 
1697 233 480 228 653 
1698 230 234 233 716 
1699 225 654 734 754 
1700 288 257 663 762 
1701 673 753 645 757 
1702 647 715 554 732 
1703 348 307 512 648 
1704 422 317 697 705 
1705 368 651 367 704 
1706 500 209 679 705 
1707 494 558 493 717 
1708 248 691 247 719 
1709 232 470 721 755 
1710 206 224 491 654 
1711 647 700 680 715 
1712 326 669 731 753 
1713 138 713 660 760 
1714 486 189 148 661 
1715 132 131 476 695 
1716 464 716 242 748 
1717 585 719 690 737 
1718 561 138 660 760 
1719 450 683 146 699 
1720 143 188 142 650 
1721 135 481 134 747 
1722 628 666 655 678 
1723 325 677 714 752 
1724 391 748 656 749 
1725 205 568 525 647 
1726 543 664 453 726 
1727 429 426 679 728 
1728 424 501 674 695 
1729 581 657 596 680 
1730 327 334 479 731 
1731 443 702 444 716 
1732 297 307 648 709 
1733 568 395 647 725 
1734 318 272 673 757 
1735 342 344 477 726 
1736 663 683 676 740 
1737 411 595 542 662 
1738 601 647 554 732 
1739 424 674 599 710 
1740 374 356 373 696 
1741 468 467 658 696 
1742 145 211 144 699 
1743 488 664 543 726 
1744 341 519 724 765 
1745 624 666 628 678 
1746 151 509 152 664 
1747 387 360 718 744 
1748 277 275 498 659 
1749 545 650 410 727 
1750 552 349 472 711 
1751 392 590 668 749 
1752 279 697 684 764 
1753 514 735 683 740 
1754 279 278 659 697 
1755 369 368 651 717 
1756 188 142 650 706 
1757 526 624 219 678 
1758 232 470 229 721 
1759 489 254 676 756 
1760 505 314 315 725 
1761 646 693 668 722 
1762 241 311 724 755 
1763 649 643 684 697 
1764 431 522 722 741 
1765 391 413 412 749 
1766 242 464 693 716 
1767 601 395 396 725 
1768 649 659 640 679 
1769 225 734 515 754 
1770 257 259 688 762 
1771 668 693 642 722 
1772 643 697 649 705 
1773 447 629 559 655 
1774 462 656 391 748 
1775 568 520 685 733 
1776 653 716 233 741 
1777 184 657 204 733 
1778 273 276 469 673 
1779 391 462 608 656 
1780 367 651 583 704 
1781 502 743 707 747 
1782 601 525 647 732 
1783 494 367 368 651 
1784 614 430 436 713 
1785 354 315 689 725 
1786 642 712 656 749 
1787 476 671 446 674 
1788 325 714 323 752 
1789 640 669 660 673 
1790 660 669 645 673 
1791 339 677 357 745 
1792 643 670 648 674 
1793 681 711 635 754 
1794 488 664 726 751 
1795 620 628 624 666 
1796 434 697 703 710 
1797 354 353 445 671 
1798 645 667 662 675 
1799 662 667 636 675 
1800 645 753 675 757 
1801 642 716 693 748 
1802 497 268 675 753 
1803 532 705 603 710 
1804 277 279 278 659 
1805 332 684 331 707 
1806 213 671 476 695 
1807 542 595 210 662 
1808 549 667 140 713 
1809 670 671 648 674 
1810 374 373 411 696 
1811 536 467 696 698 
1812 540 663 377 699 
1813 585 458 719 737 
1814 626 678 655 742 
1815 408 615 686 730 
1816 351 735 514 740 
1817 472 241 239 681 
1818 682 735 351 740 
1819 270 675 268 753 
1820 193 548 653 736 
1821 155 672 156 736 
1822 545 143 557 650 
1823 498 329 684 686 
1824 418 698 556 708 
1825 640 659 649 686 
1826 293 314 503 689 
1827 242 716 444 748 
1828 297 347 517 703 
1829 422 603 705 710 
1830 146 683 569 723 
1831 390 392 692 749 
1832 652 654 639 681 
1833 233 716 234 741 
1834 130 680 129 715 
1835 259 758 688 762 
1836 328 729 669 753 
1837 543 453 361 726 
1838 539 305 337 690 
1839 465 294 283 670 
1840 502 674 194 743 
1841 313 608 656 724 
1842 143 142 557 650 
1843 635 654 652 681 
1844 404 553 653 741 
1845 586 195 649 730 
1846 232 721 681 755 
1847 601 525 395 647 
1848 702 721 470 755 
1849 225 654 227 721 
1850 494 583 367 651 
1851 494 493 583 651 
1852 144 143 545 708 
1853 468 658 265 750 
1854 279 282 459 697 
1855 309 656 444 702 
1856 648 689 670 703 
1857 407 433 408 669 
1858 660 669 640 746 
1859 532 423 599 710 
1860 341 397 519 765 
1861 650 658 636 677 
1862 263 261 531 658 
1863 522 716 693 741 
1864 177 657 181 700 
1865 690 691 637 719 
1866 445 398 671 743 
1867 154 155 193 712 
1868 271 675 267 752 
1869 484 680 130 761 
1870 645 729 675 753 
1871 496 202 701 765 
1872 641 663 651 688 
1873 342 343 303 691 
1874 545 557 410 650 
1875 646 668 664 722 
1876 651 663 641 699 
1877 199 723 683 735 
1878 654 639 721 736 
1879 479 408 615 686 
1880 250 304 303 665 
1881 474 743 670 764 
1882 646 691 690 719 
1883 177 173 181 657 
1884 628 655 626 678 
1885 623 203 559 711 
1886 151 152 191 664 
1887 379 491 224 736 
1888 478 298 296 709 
1889 647 638 680 685 
1890 464 345 692 748 
1891 525 568 395 647 
1892 580 698 717 758 
1893 325 357 339 677 
1894 647 680 657 685 
1895 651 644 676 683 
1896 480 226 721 736 
1897 459 697 282 703 
1898 261 259 694 758 
1899 648 671 638 695 
1900 694 698 658 758 
1901 641 650 694 698 
1902 698 708 417 717 
1903 156 496 202 701 
1904 438 402 508 751 
1905 268 267 271 675 
1906 568 685 505 725 
1907 642 693 692 748 
1908 299 295 290 692 
1909 585 399 458 737 
1910 359 492 357 677 
1911 694 758 259 762 
1912 427 429 426 679 
1913 241 311 310 724 
1914 638 671 648 689 
1915 636 658 650 696 
1916 430 660 437 713 
1917 526 219 597 678 
1918 502 133 674 747 
1919 322 514 683 740 
1920 474 330 743 764 
1921 200 576 425 690 
1922 188 544 560 706 
1923 201 153 668 712 
1924 295 305 306 690 
1925 271 714 675 752 
1926 494 651 368 717 
1927 645 662 713 757 
1928 610 349 711 744 
1929 534 678 159 718 
1930 412 413 414 672 
1931 411 373 595 662 
1932 131 213 476 695 
1933 450 377 683 699 
1934 553 193 548 653 
1935 639 654 652 701 
1936 654 701 639 736 
1937 556 376 544 696 
1938 416 447 559 711 
1939 174 215 178 732 
1940 279 684 280 764 
1941 604 707 502 743 
1942 320 426 429 728 
1943 290 464 345 692 
1944 574 540 377 699 
1945 581 657 680 720 
1946 477 726 344 739 
1947 667 675 645 714 
1948 304 665 352 739 
1949 616 486 571 739 
1950 610 711 666 744 
1951 262 698 292 758 
1952 205 520 568 733 
1953 232 229 681 721 
1954 488 726 212 751 
1955 510 343 451 691 
1956 661 665 644 682 
1957 637 665 661 682 
1958 213 460 671 715 
1959 676 738 256 740 
1960 601 396 554 715 
1961 518 685 657 720 
1962 636 675 667 714 
1963 596 216 538 700 
1964 325 324 323 714 
1965 637 737 719 759 
1966 557 650 142 706 
1967 467 262 658 698 
1968 641 694 650 727 
1969 266 466 265 750 
1970 420 667 714 745 
1971 651 676 644 704 
1972 268 270 269 675 
1973 322 377 663 683 
1974 139 713 138 760 
1975 649 707 705 747 
1976 217 534 159 718 
1977 670 703 283 764 
1978 357 677 492 745 
1979 199 569 683 723 
1980 697 705 643 710 
1981 452 239 238 681 
1982 277 276 275 659 
1983 216 185 173 572 
1984 447 416 383 754 
1985 265 658 263 752 
1986 265 263 266 752 
1987 132 674 501 695 
1988 358 359 677 727 
1989 502 707 511 747 
1990 644 683 651 723 
1991 272 300 269 757 
1992 155 496 156 672 
1993 318 471 320 673 
1994 207 620 526 666 
1995 424 512 513 695 
1996 485 188 143 708 
1997 528 594 734 742 
1998 218 678 589 742 
1999 553 548 404 653 
2000 642 656 653 716 
2001 557 197 492 706 
2002 318 300 272 757 
2003 643 743 707 764 
2004 648 670 643 703 
2005 223 654 206 734 
2006 532 603 423 710 
2007 420 714 339 745 
2008 326 328 669 753 
2009 657 685 680 720 
2010 642 722 693 741 
2011 241 724 310 755 
2012 680 685 638 720 
2013 420 714 667 729 
2014 434 422 317 697 
2015 253 738 676 756 
2016 306 295 690 719 
2017 615 384 686 730 
2018 643 674 648 710 
2019 341 312 652 724 
2020 617 661 438 751 
2021 649 684 643 707 
2022 459 434 697 703 
2023 389 387 360 718 
2024 207 526 555 666 
2025 464 246 243 693 
2026 652 654 635 687 
2027 148 723 199 735 
2028 465 670 283 764 
2029 608 724 519 765 
2030 301 288 256 676 
2031 507 384 586 707 
2032 543 488 453 664 
2033 573 191 152 668 
2034 443 444 242 716 
2035 643 705 649 707 
2036 642 668 712 749 
2037 518 478 685 720 
2038 623 521 203 711 
2039 231 232 229 681 
2040 304 352 344 739 
2041 468 375 467 696 
2042 490 424 501 674 
2043 450 569 146 683 
2044 648 674 671 695 
2045 665 352 739 756 
2046 262 260 261 758 
2047 639 656 653 672 
2048 392 590 551 668 
2049 533 734 655 754 
2050 231 681 229 721 
2051 196 139 138 760 
2052 517 703 347 710 
2053 286 728 659 763 
2054 384 332 331 707 
2055 430 320 429 660 
2056 443 309 444 702 
2057 653 721 639 736 
2058 552 610 349 711 
2059 644 651 704 723 
2060 580 717 440 758 
2061 257 255 676 688 
2062 634 622 160 678 
2063 299 305 295 692 
2064 549 140 139 713 
2065 256 676 253 738 
2066 377 540 335 663 
2067 490 599 424 674 
2068 297 296 298 709 
2069 512 695 709 761 
2070 522 693 451 722 
2071 340 341 652 744 
2072 653 702 639 721 
2073 484 130 208 761 
2074 655 666 635 678 
2075 368 367 366 704 
2076 201 153 551 668 
2077 266 675 466 750 
2078 640 686 649 730 
2079 176 184 204 733 
2080 173 216 572 657 
2081 294 293 283 689 
2082 649 679 640 730 
2083 184 562 204 657 
2084 325 323 677 752 
2085 313 656 461 724 
2086 653 712 642 741 
2087 645 673 669 753 
2088 493 211 145 699 
2089 182 174 180 733 
2090 131 130 213 695 
2091 237 233 234 741 
2092 294 670 353 689 
2093 489 254 442 676 
2094 309 310 461 724 
2095 680 638 715 761 
2096 474 330 333 743 
2097 226 225 227 721 
2098 504 506 685 733 
2099 656 639 724 765 
2100 131 208 130 695 
2101 546 506 204 733 
2102 430 437 436 713 
2103 648 695 638 709 
2104 643 703 697 710 
2105 641 688 651 717 
2106 322 321 514 740 
2107 288 455 257 762 
2108 458 399 454 759 
2109 414 412 672 712 
2110 656 672 639 765 
2111 645 714 675 729 
2112 298 709 478 720 
2113 598 335 540 663 
2114 398 446 671 743 
2115 463 677 531 694 
2116 129 220 483 715 
2117 650 698 641 708 
2118 459 517 434 703 
2119 669 673 640 731 
2120 670 674 643 743 
2121 667 713 549 760 
2122 206 491 157 701 
2123 506 176 204 733 
2124 651 699 641 717 
2125 270 673 272 753 
2126 366 489 369 704 
2127 594 655 533 734 
2128 638 689 648 709 
2129 656 716 642 748 
2130 420 475 714 729 
2131 659 649 697 763 
2132 235 702 443 716 
2133 355 614 662 757 
2134 643 705 707 747 
2135 539 337 425 690 
2136 476 446 194 674 
2137 649 684 659 697 
2138 492 706 197 745 
2139 257 256 288 676 
2140 181 657 183 733 
2141 214 625 621 742 
2142 511 507 586 707 
2143 639 681 654 721 
2144 372 460 371 671 
2145 335 322 377 663 
2146 531 263 658 752 
2147 661 665 637 726 
2148 302 321 322 740 
2149 643 707 684 764 
2150 667 714 645 729 
2151 644 661 723 739 
2152 369 688 440 717 
2153 502 194 566 743 
2154 639 656 724 755 
2155 372 371 354 671 
2156 536 467 375 696 
2157 428 199 683 735 
2158 652 681 639 755 
2159 664 690 637 751 
2160 340 652 311 744 
2161 390 392 337 692 
2162 650 708 641 727 
2163 505 568 520 685 
2164 621 447 214 655 
2165 589 678 622 742 
2166 434 703 517 710 
2167 198 145 144 699 
2168 581 393 657 720 
2169 636 696 650 706 
2170 414 618 412 712 
2171 488 150 664 751 
2172 627 626 628 655 
2173 677 714 636 745 
2174 648 703 643 710 
2175 150 200 664 751 
2176 516 352 304 665 
2177 450 574 377 699 
2178 340 360 341 744 
2179 448 727 694 762 
2180 653 656 639 702 
2181 701 736 672 765 
2182 224 206 223 654 
2183 389 584 387 718 
2184 650 694 677 727 
2185 516 352 665 756 
2186 229 702 230 721 
2187 151 200 509 664 
2188 417 708 418 717 
2189 258 688 259 758 
2190 561 669 591 760 
2191 606 565 679 746 
2192 376 556 418 698 
2193 584 687 387 718 
2194 416 711 238 754 
2195 355 662 750 757 
2196 502 604 511 707 
2197 639 701 652 765 
2198 428 683 514 735 
2199 608 462 313 656 
2200 257 259 258 688 
2201 673 731 669 753 
2202 193 579 154 712 
2203 530 704 583 723 
2204 565 190 582 746 
2205 212 486 661 726 
2206 644 723 661 735 
2207 512 513 695 761 
2208 414 499 618 712 
2209 355 750 338 757 
2210 622 678 626 742 
2211 654 687 652 701 
2212 279 281 282 764 
2213 401 682 400 737 
2214 461 313 462 656 
2215 639 702 656 755 
2216 239 681 241 755 
2217 651 676 663 683 
2218 656 702 653 716 
2219 636 658 750 752 
2220 263 262 261 658 
2221 647 680 638 715 
2222 637 682 661 737 
2223 414 672 499 712 
2224 159 160 218 678 
2225 267 675 266 752 
2226 251 738 665 759 
2227 637 719 691 759 
2228 212 661 149 751 
2229 545 602 198 727 
2230 223 206 222 734 
2231 440 717 688 758 
2232 286 659 291 763 
2233 434 517 347 710 
2234 658 694 650 698 
2235 297 517 284 703 
2236 488 543 212 726 
2237 228 480 226 721 
2238 496 567 202 765 
2239 150 200 151 664 
2240 643 710 705 747 
2241 244 243 245 693 
2242 157 487 158 687 
2243 665 726 661 739 
2244 311 652 312 724 
2245 536 696 376 698 
2246 138 137 561 746 
2247 280 498 329 684 
2248 470 702 229 721 
2249 649 705 697 763 
2250 325 339 324 714 
2251 639 736 701 765 
2252 644 704 676 756 
2253 679 728 363 763 
2254 212 486 149 661 
2255 273 673 274 731 
2256 654 681 635 754 
2257 275 273 274 731 
2258 634 160 600 678 
2259 580 385 440 717 
2260 155 156 529 736 
2261 639 672 736 765 
2262 499 672 155 712 
2263 617 438 508 751 
2264 310 724 309 755 
2265 573 668 435 722 
2266 435 432 722 741 
2267 468 467 265 658 
2268 480 379 226 736 
2269 635 666 655 711 
2270 592 660 138 713 
2271 406 571 726 739 
2272 473 256 738 740 
2273 638 685 647 725 
2274 183 657 184 733 
2275 356 662 373 750 
2276 561 196 138 760 
2277 435 405 432 741 
2278 587 220 700 732 
2279 212 726 661 751 
2280 268 266 267 675 
2281 477 406 726 739 
2282 465 353 294 670 
2283 138 660 190 746 
2284 354 370 315 725 
2285 350 738 682 740 
2286 578 140 549 667 
2287 488 212 150 751 
2288 471 673 469 728 
2289 504 314 505 685 
2290 404 653 233 741 
2291 521 666 610 711 
2292 487 687 157 701 
2293 129 128 220 700 
2294 197 706 578 745 
2295 257 455 259 762 
2296 555 666 718 744 
2297 658 677 650 694 
2298 121 176 506 733 
2299 209 500 481 705 
2300 641 708 698 717 
2301 467 292 262 698 
2302 616 571 406 739 
2303 599 674 490 747 
2304 502 133 194 674 
2305 651 683 663 699 
2306 629 447 621 655 
2307 504 503 314 685 
2308 129 680 221 700 
2309 225 381 515 734 
2310 471 426 320 728 
2311 413 414 672 765 
2312 298 478 346 720 
2313 504 685 520 733 
2314 224 223 225 654 
2315 622 628 626 678 
2316 491 156 701 736 
2317 230 702 235 716 
2318 416 452 238 711 
2319 222 218 528 734 
2320 606 565 427 679 
2321 690 737 637 751 
2322 130 484 129 680 
2323 193 529 548 736 
2324 704 723 530 739 
2325 637 737 661 751 
2326 199 569 428 683 
2327 354 445 372 671 
2328 253 676 254 756 
2329 522 431 237 741 
2330 321 351 514 740 
2331 682 737 637 759 
2332 148 617 661 735 
2333 580 698 417 717 
2334 636 714 677 752 
2335 581 680 415 720 
2336 351 682 401 735 
2337 418 708 558 717 
2338 271 323 714 752 
2339 422 603 317 705 
2340 546 685 506 733 
2341 500 705 679 763 
2342 477 406 571 726 
2343 291 659 697 763 
2344 657 680 647 700 
2345 598 727 388 762 
2346 384 547 586 730 
2347 144 485 143 708 
2348 642 656 748 749 
2349 302 322 335 663 
2350 276 659 286 728 
2351 644 665 661 739 
2352 522 244 451 693 
2353 645 669 660 760 
2354 341 519 312 724 
2355 225 654 223 734 
2356 608 519 413 765 
2357 551 509 392 668 
2358 255 442 254 676 
2359 355 662 356 750 
2360 415 720 680 761 
2361 197 141 578 706 
2362 518 478 546 685 
2363 274 731 673 753 
2364 214 621 655 742 
2365 291 659 278 697 
2366 442 676 255 688 
2367 312 340 341 652 
2368 269 466 675 757 
2369 204 562 518 657 
2370 190 660 582 746 
2371 476 194 132 674 
2372 371 715 396 725 
2373 642 692 668 749 
2374 648 671 670 689 
2375 386 418 558 717 
2376 644 682 665 738 
2377 423 424 599 710 
2378 658 696 636 750 
2379 659 679 649 763 
2380 665 682 637 759 
2381 309 461 444 656 
2382 435 579 553 741 
2383 274 673 273 753 
2384 257 258 255 688 
2385 589 218 160 678 
2386 212 571 486 726 
2387 312 311 340 652 
2388 463 358 677 694 
2389 502 511 134 747 
2390 235 443 242 716 
2391 264 694 259 762 
2392 647 715 638 725 
2393 581 415 378 720 
2394 318 469 471 673 
2395 679 705 649 763 
2396 704 739 352 756 
2397 270 273 673 753 
2398 488 150 151 664 
2399 350 682 351 740 
2400 549 713 139 760 
2401 283 703 281 764 
2402 420 475 339 714 
2403 248 245 247 691 
2404 650 696 658 698 
2405 407 408 334 669 
2406 229 470 230 702 
2407 497 270 268 753 
2408 659 684 649 686 
2409 261 260 259 758 
2410 371 460 396 715 
2411 617 149 661 751 
2412 504 520 506 733 
2413 281 279 280 764 
2414 615 547 384 730 
2415 578 667 421 745 
2416 330 684 332 707 
2417 233 404 480 653 
2418 286 278 291 659 
2419 349 340 311 744 
2420 269 300 466 757 
2421 283 282 281 703 
2422 606 482 565 746 
2423 574 602 540 699 
2424 298 346 709 720 
2425 505 520 504 685 
2426 575 387 584 687 
2427 183 181 173 657 
2428 288 663 456 762 
2429 464 242 444 748 
2430 430 429 582 660 
2431 270 273 272 673 
2432 132 501 131 695 
2433 575 687 487 701 
2434 375 696 468 750 
2435 613 420 667 729 
2436 329 331 684 686 
2437 683 735 644 740 
2438 264 261 259 694 
2439 445 398 372 671 
2440 589 160 622 678 
2441 378 720 415 761 
2442 199 148 147 723 
2443 641 717 698 758 
2444 599 192 532 747 
2445 396 460 577 715 
2446 276 286 469 728 
2447 428 563 199 735 
2448 403 690 576 737 
2449 690 719 637 737 
2450 498 441 329 686 
2451 640 679 659 728 
2452 663 676 651 688 
2453 354 315 353 689 
2454 392 390 590 749 
2455 130 129 483 715 
2456 630 628 620 666 
2457 407 591 561 669 
2458 477 344 406 739 
2459 146 493 145 699 
2460 313 519 608 724 
2461 301 676 256 740 
2462 452 552 472 711 
2463 581 378 393 720 
2464 216 581 572 657 
2465 599 490 192 747 
2466 407 561 433 669 
2467 643 674 710 747 
2468 639 681 721 755 
2469 456 663 598 762 
2470 173 562 184 657 
2471 485 556 188 708 
2472 297 298 307 709 
2473 239 232 681 755 
2474 398 566 446 743 
2475 217 584 607 718 
2476 188 560 142 706 
2477 605 450 146 699 
2478 674 643 743 747 
2479 473 256 253 738 
2480 639 652 724 765 
2481 453 191 609 664 
2482 309 702 443 755 
2483 251 738 253 756 
2484 330 331 332 684 
2485 466 750 675 757 
2486 197 578 612 745 
2487 147 146 569 723 
2488 676 683 644 740 
2489 662 667 645 713 
2490 271 323 324 714 
2491 351 401 514 735 
2492 355 614 436 662 
2493 382 332 707 743 
2494 393 518 657 720 
2495 355 373 356 662 
2496 386 417 418 717 
2497 555 524 666 744 
2498 428 514 563 735 
2499 512 709 394 761 
2500 154 499 155 712 
2501 635 687 654 734 
2502 239 240 232 755 
2503 692 748 550 749 
2504 645 660 713 760 
2505 417 698 418 708 
2506 558 611 211 708 
2507 531 677 463 752 
2508 181 183 180 733 
2509 264 531 261 694 
2510 635 711 655 754 
2511 242 464 243 693 
2512 636 750 675 752 
2513 665 738 251 756 
2514 490 501 132 674 
2515 308 720 378 761 
2516 232 240 470 755 
2517 522 236 693 716 
2518 520 205 182 733 
2519 457 249 719 759 
2520 421 667 420 745 
2521 202 575 701 765 
2522 242 693 236 716 
2523 604 502 566 743 
2524 139 592 138 713 
2525 639 672 653 736 
2526 229 230 228 721 
2527 382 333 332 743 
2528 431 522 451 722 
2529 501 424 513 695 
2530 454 350 473 738 
2531 247 457 249 719 
2532 352 704 365 739 
2533 652 687 635 744 
2534 655 734 635 754 
2535 230 235 234 716 
2536 474 445 670 743 
2537 133 490 674 747 
2538 459 282 517 703 
2539 645 675 662 757 
2540 306 458 295 719 
2541 351 400 401 682 
2542 426 363 679 728 
2543 480 653 548 736 
2544 512 394 513 761 
2545 637 726 664 751 
2546 355 356 338 750 
2547 496 672 567 765 
2548 465 283 281 764 
2549 438 661 617 735 
2550 572 562 173 657 
2551 697 705 317 763 
2552 707 743 643 747 
2553 697 703 643 764 
2554 278 286 276 659 
2555 622 634 624 678 
2556 420 449 613 667 
2557 662 675 636 750 
2558 578 549 421 667 
2559 516 665 251 756 
2560 137 433 561 746 
2561 374 411 544 696 
2562 308 709 720 761 
2563 420 339 419 745 
2564 669 729 645 753 
2565 308 394 709 761 
2566 617 508 149 751 
2567 242 243 236 693 
2568 536 375 376 696 
2569 252 738 251 759 
2570 652 639 724 755 
2571 555 718 360 744 
2572 635 678 666 718 
2573 598 456 335 663 
2574 402 401 400 737 
2575 281 703 282 764 
2576 342 477 361 726 
2577 548 480 404 653 
2578 253 255 254 676 
2579 683 723 644 735 
2580 567 672 414 765 
2581 250 251 516 665 
2582 257 255 256 676 
2583 495 530 583 723 
2584 187 175 128 700 
2585 393 572 581 657 
2586 448 388 727 762 
2587 153 154 579 712 
2588 136 730 570 746 
2589 512 308 394 709 
2590 521 610 552 711 
2591 346 308 709 720 
2592 369 440 385 717 
2593 661 682 644 735 
2594 375 356 696 750 
2595 237 404 233 741 
2596 515 734 381 754 
2597 631 523 521 666 
2598 358 359 357 677 
2599 270 274 273 753 
2600 217 687 584 718 
2601 462 593 656 748 
2602 626 627 621 655 
2603 249 252 251 759 
2604 425 576 403 690 
2605 413 541 414 765 
2606 560 411 542 706 
2607 503 546 478 685 
2608 693 716 642 741 
2609 149 486 148 661 
2610 294 353 315 689 
2611 530 367 583 704 
2612 133 192 490 747 
2613 587 700 175 732 
2614 338 750 466 757 
2615 595 436 210 662 
2616 311 312 310 724 
2617 298 346 308 709 
2618 590 618 712 749 
2619 496 414 567 672 
2620 474 333 445 743 
2621 290 345 299 692 
2622 613 475 420 729 
2623 551 152 509 668 
2624 593 444 656 748 
2625 644 735 682 740 
2626 499 496 155 672 
2627 339 357 419 745 
2628 641 698 694 758 
2629 308 378 394 761 
2630 176 183 184 733 
2631 148 189 147 723 
2632 527 655 594 742 
2633 214 655 527 742 
2634 647 685 657 733 
2635 260 258 259 758 
2636 278 276 277 659 
2637 610 666 524 744 
2638 620 207 523 666 
2639 447 533 214 655 
2640 381 734 533 754 
2641 220 554 483 715 
2642 279 459 278 697 
2643 636 677 658 752 
2644 175 700 179 732 
2645 593 461 462 656 
2646 121 506 520 733 
2647 620 523 631 666 
2648 597 678 534 718 
2649 437 430 582 660 
2650 183 173 184 657 
2651 390 692 336 749 
2652 550 692 299 748 
2653 336 692 550 749 
2654 148 199 617 735 
2655 364 705 500 763 
2656 202 567 575 765 
2657 676 738 644 756 
2658 262 263 265 658 
2659 555 389 360 718 
2660 663 688 641 762 
2661 174 525 215 732 
2662 322 514 428 683 
2663 128 587 220 700 
2664 227 231 229 721 
2665 214 527 625 742 
2666 144 211 485 708 
2667 535 528 218 742 
2668 186 587 175 732 
2669 687 718 635 744 
2670 604 382 707 743 
2671 301 321 302 740 
2672 682 665 738 759 
2673 199 147 569 723 
2674 400 682 399 737 
2675 654 635 734 754 
2676 238 681 231 754 
2677 584 389 607 718 
2678 253 256 255 676 
2679 240 702 470 755 
2680 506 176 122 204 
2681 306 305 539 690 
2682 463 448 358 694 
2683 643 670 743 764 
2684 513 564 208 761 
2685 266 269 466 675 
2686 465 474 670 764 
2687 642 716 653 741 
2688 610 521 523 666 
2689 682 738 644 740 
2690 505 315 370 725 
2691 659 728 679 763 
2692 442 440 369 688 
2693 684 697 643 764 
2694 436 210 662 713 
2695 217 607 534 718 
2696 175 181 179 700 
2697 190 138 592 660 
2698 418 611 558 708 
2699 522 234 236 716 
2700 329 331 330 684 
2701 146 145 605 699 
2702 487 575 584 687 
2703 633 589 622 742 
2704 271 267 323 752 
2705 159 534 160 678 
2706 221 680 596 700 
2707 393 346 518 720 
2708 527 214 594 655 
2709 250 516 304 665 
2710 156 157 491 701 
2711 629 621 627 655 
2712 524 207 555 666 
2713 219 534 597 678 
2714 574 198 602 699 
2715 287 280 684 764 
2716 573 435 432 722 
2717 513 208 695 761 
2718 688 758 641 762 
2719 474 287 330 764 
2720 644 738 676 740 
2721 475 439 714 729 
2722 601 215 525 732 
2723 533 594 214 655 
2724 240 309 443 755 
2725 267 266 263 752 
2726 241 310 309 755 
2727 153 435 573 668 
2728 128 102 175 187 
2729 287 684 330 764 
2730 437 582 190 660 
2731 454 738 252 759 
2732 323 463 677 752 
2733 248 510 245 691 
2734 288 456 455 762 
2735 380 669 729 760 
2736 484 208 564 761 
2737 380 591 669 760 
2738 138 190 137 746 
2739 593 444 461 656 
2740 265 466 468 750 
2741 518 346 478 720 
2742 458 457 719 759 
2743 354 371 370 725 
2744 381 594 533 734 
2745 286 316 728 763 
2746 369 385 368 717 
2747 390 337 336 692 
2748 251 253 254 756 
2749 473 301 256 740 
2750 129 221 128 700 
2751 332 384 507 707 
2752 316 363 728 763 
2753 240 443 702 755 
2754 491 529 156 736 
2755 487 217 158 687 
2756 450 605 574 699 
2757 609 573 432 722 
2758 417 376 418 698 
2759 666 711 635 744 
2760 667 645 713 760 
2761 365 704 530 739 
2762 282 283 284 703 
2763 187 588 177 700 
2764 160 103 622 634 
2765 314 293 294 689 
2766 500 209 606 679 
2767 590 618 201 712 
2768 456 288 302 663 
2769 323 531 463 752 
2770 437 660 592 713 
2771 580 417 385 717 
2772 141 560 542 706 
2773 489 704 352 756 
2774 541 413 519 765 
2775 447 214 169 621 
2776 170 214 625 621 
2777 694 727 641 762 
2778 644 723 704 739 
2779 421 420 419 745 
2780 386 494 368 717 
2781 473 738 350 740 
2782 612 578 421 745 
2783 344 352 365 739 
2784 202 575 487 701 
2785 617 149 148 661 
2786 572 393 562 657 
2787 136 195 570 730 
2788 338 466 300 757 
2789 358 388 359 727 
2790 318 272 469 673 
2791 258 442 255 688 
2792 506 546 504 685 
2793 262 292 260 758 
2794 463 531 264 694 
2795 639 721 702 755 
2796 327 441 285 731 
2797 462 391 550 748 
2798 636 714 667 745 
2799 140 210 139 713 
2800 408 547 615 730 
2801 315 314 294 689 
2802 562 393 518 657 
2803 366 352 489 704 
2804 239 241 240 755 
2805 324 339 475 714 
2806 403 585 690 737 
2807 580 292 698 758 
2808 266 268 269 675 
2809 626 655 621 742 
2810 318 319 300 757 
2811 196 549 139 760 
2812 669 645 729 760 
2813 409 540 602 727 
2814 264 259 455 762 
2815 225 223 381 734 
2816 557 142 197 706 
2817 317 603 364 705 
2818 449 667 549 760 
2819 427 426 363 679 
2820 453 488 191 664 
2821 345 299 692 748 
2822 641 758 694 762 
2823 420 421 449 667 
2824 525 174 119 205 
2825 607 597 534 718 
2826 604 566 382 743 
2827 377 428 450 683 
2828 456 302 335 663 
2829 421 549 449 667 
2830 619 440 688 758 
2831 439 324 475 714 
2832 310 313 461 724 
2833 375 356 374 696 
2834 675 714 636 752 
2835 619 688 258 758 
2836 238 232 231 681 
2837 262 265 467 658 
2838 391 550 748 749 
2839 346 378 308 720 
2840 147 495 146 723 
2841 576 200 508 751 
2842 398 446 372 671 
2843 271 324 439 714 
2844 667 729 645 760 
2845 437 190 592 660 
2846 322 428 377 683 
2847 336 337 305 692 
2848 640 730 679 746 
2849 474 353 465 670 
2850 620 631 630 666 
2851 202 487 157 701 
2852 375 468 356 750 
2853 470 240 443 702 
2854 412 712 618 749 
2855 393 378 346 720 
2856 534 219 600 678 
2857 424 423 348 710 
2858 395 371 396 725 
2859 434 347 422 710 
2860 628 622 624 678 
2861 567 414 541 765 
2862 499 414 496 672 
2863 497 439 326 753 
2864 523 524 610 666 
2865 586 547 195 730 
2866 675 750 662 757 
2867 329 287 280 684 
2868 386 558 494 717 
2869 211 611 485 708 
2870 415 680 484 761 
2871 524 523 207 666 
2872 641 688 717 758 
2873 366 365 352 704 
2874 184 122 176 204 
2875 273 469 272 673 
2876 644 665 739 756 
2877 350 351 321 740 
2878 581 596 415 680 
2879 133 490 132 674 
2880 515 381 533 754 
2881 238 239 232 681 
2882 380 591 407 669 
2883 428 569 450 683 
2884 169 447 621 629 
2885 329 441 331 686 
2886 481 705 532 747 
2887 431 405 237 741 
2888 275 274 285 731 
2889 567 397 575 765 
2890 454 473 252 738 
2891 343 510 303 691 
2892 151 191 488 664 
2893 613 380 729 760 
2894 564 415 484 761 
2895 561 591 196 760 
2896 458 454 457 759 
2897 128 175 587 700 
2898 563 514 401 735 
2899 474 445 353 670 
2900 604 507 511 707 
2901 182 119 174 205 
2902 299 550 336 692 
2903 383 416 238 754 
2904 484 221 129 680 
2905 635 718 666 744 
2906 580 440 292 758 
2907 619 258 260 758 
2908 236 244 522 693 
2909 137 136 570 746 
2910 577 460 213 715 
2911 400 399 585 737 
2912 203 559 167 623 
2913 325 358 357 677 
2914 153 201 154 712 
2915 303 510 248 691 
2916 187 128 588 700 
2917 419 357 492 745 
2918 286 291 316 763 
2919 363 500 679 763 
2920 638 709 695 761 
2921 623 166 203 521 
2922 465 287 474 764 
2923 555 360 524 744 
2924 600 161 634 219 
2925 405 435 553 741 
2926 351 399 400 682 
2927 336 305 299 692 
2928 328 380 669 729 
2929 531 267 263 752 
2930 323 463 325 677 
2931 512 307 308 709 
2932 187 127 177 588 
2933 616 406 530 739 
2934 487 584 217 687 
2935 644 739 704 756 
2936 481 532 192 747 
2937 539 403 585 690 
2938 448 694 264 762 
2939 406 365 530 739 
2940 425 403 539 690 
2941 186 537 587 732 
2942 587 537 220 732 
2943 156 202 157 701 
2944 409 602 545 727 
2945 670 643 703 764 
2946 644 738 665 756 
2947 385 417 386 717 
2948 537 554 220 732 
2949 291 697 317 763 
2950 538 126 177 185 
2951 528 527 594 742 
2952 426 316 363 728 
2953 539 585 306 690 
2954 470 235 230 702 
2955 291 278 459 697 
2956 610 524 349 744 
2957 363 364 500 763 
2958 289 295 458 719 
2959 264 448 463 694 
2960 535 218 589 742 
2961 661 726 637 751 
2962 624 634 161 219 
2963 552 203 521 711 
2964 194 133 132 674 
2965 189 530 495 723 
2966 399 351 350 682 
2967 417 536 376 698 
2968 186 178 117 732 
2969 317 705 364 763 
2970 383 238 231 754 
2971 282 284 517 703 
2972 150 212 149 751 
2973 467 536 292 698 
2974 185 538 126 216 
2975 600 160 534 678 
2976 379 480 548 736 
2977 595 373 436 662 
2978 287 281 280 764 
2979 590 412 618 749 
2980 152 551 153 668 
2981 291 459 434 697 
2982 355 319 614 757 
2983 438 617 199 735 
2984 177 588 538 700 
2985 638 680 720 761 
2986 329 330 287 684 
2987 236 243 244 693 
2988 291 434 317 697 
2989 523 620 164 207 
2990 394 378 415 761 
2991 198 605 145 699 
2992 203 416 559 711 
2993 503 504 546 685 
2994 334 328 380 669 
2995 391 336 550 749 
2996 471 469 286 728 
2997 221 596 538 700 
2998 373 355 436 662 
2999 532 500 364 705 
3000 198 574 605 699 
3001 597 389 555 718 
3002 274 326 731 753 
3003 386 368 385 717 
3004 152 153 573 668 
3005 221 538 588 700 
3006 214 527 170 625 
3007 308 307 298 709 
3008 492 197 612 745 
3009 451 362 431 722 
3010 319 355 338 757 
3011 292 536 580 698 
3012 448 598 388 762 
3013 543 361 477 726 
3014 601 554 215 732 
3015 464 444 345 748 
3016 213 130 483 715 
3017 131 501 208 695 
3018 491 379 529 736 
3019 692 642 748 749 
3020 197 142 141 706 
3021 174 178 179 732 
3022 436 437 210 713 
3023 240 241 309 755 
3024 348 422 347 710 
3025 620 164 631 523 
3026 427 363 500 679 
3027 531 323 267 752 
3028 171 633 625 742 
3029 613 449 380 760 
3030 380 407 334 669 
3031 615 384 331 686 
3032 128 175 102 587 
3033 470 443 235 702 
3034 554 577 483 715 
3035 532 481 500 705 
3036 501 513 208 695 
3037 633 535 589 742 
3038 427 500 606 679 
3039 345 550 299 748 
3040 485 611 556 708 
3041 502 134 133 747 
3042 513 394 564 761 
3043 221 484 596 680 
3044 227 228 226 721 
3045 625 626 621 742 
3046 629 167 559 623 
3047 612 421 419 745 
3048 125 185 216 572 
3049 481 192 134 747 
3050 382 332 507 707 
3051 484 415 596 680 
3052 187 177 175 700 
3053 528 535 527 742 
3054 547 408 433 730 
3055 457 252 249 759 
3056 150 508 200 751 
3057 325 463 358 677 
3058 521 623 166 631 
3059 365 367 530 704 
3060 344 365 406 739 
3061 160 103 589 622 
3062 409 545 410 727 
3063 515 383 231 754 
3064 370 371 395 725 
3065 438 199 563 735 
3066 366 367 365 704 
3067 154 201 499 712 
3068 638 720 709 761 
3069 563 401 438 735 
3070 554 396 577 715 
3071 326 285 274 731 
3072 376 374 544 696 
3073 331 479 615 686 
3074 568 370 395 725 
3075 565 482 190 746 
3076 446 460 372 671 
3077 593 345 444 748 
3078 609 432 362 722 
3079 252 253 251 738 
3080 185 125 173 572 
3081 604 382 507 707 
3082 227 229 228 721 
3083 380 449 591 760 
3084 562 173 124 572 
3085 142 560 141 706 
3086 619 292 440 758 
3087 178 215 117 732 
3088 418 556 611 708 
3089 404 405 553 741 
3090 404 237 405 741 
3091 313 310 312 724 
3092 516 251 254 756 
3093 457 454 252 759 
3094 313 312 519 724 
3095 462 550 593 748 
3096 448 264 455 762 
3097 445 333 398 743 
3098 184 173 124 562 
3099 186 175 179 732 
3100 543 571 212 726 
3101 137 482 136 746 
3102 348 423 422 710 
3103 568 505 370 725 
3104 289 457 247 719 
3105 281 287 465 764 
3106 391 390 336 749 
3107 128 221 588 700 
3108 274 270 497 753 
3109 410 359 409 727 
3110 147 189 495 723 
3111 524 340 349 744 
3112 127 177 588 538 
3113 186 117 537 732 
3114 442 619 440 688 
3115 235 236 234 716 
3116 456 598 448 762 
3117 603 532 364 705 
3118 338 468 466 750 
3119 441 479 331 686 
3120 541 519 397 765 
3121 338 356 468 750 
3122 520 120 182 205 
3123 597 607 389 718 
3124 473 350 301 740 
3125 150 149 508 751 
3126 235 242 236 716 
3127 134 192 133 747 
3128 524 360 340 744 
3129 175 177 181 700 
3130 171 535 633 742 
3131 587 175 116 186 
3132 381 528 594 734 
3133 422 423 603 710 
3134 203 452 416 711 
3135 528 223 222 734 
3136 633 622 626 742 
3137 160 103 634 600 
3138 376 375 374 696 
3139 182 121 120 520 
3140 515 533 383 754 
3141 213 483 577 715 
3142 128 102 187 588 
3143 379 548 529 736 
3144 201 618 499 712 
3145 431 362 432 722 
3146 167 166 203 623 
3147 449 549 196 760 
3148 274 497 326 753 
3149 477 571 543 726 
3150 289 458 457 719 
3151 492 612 419 745 
3152 580 536 417 698 
3153 319 338 300 757 
3154 516 489 352 756 
3155 442 258 619 688 
3156 590 390 412 749 
3157 177 127 126 538 
3158 186 179 178 732 
3159 437 592 210 713 
3160 326 327 285 731 
3161 174 119 118 525 
3162 182 180 176 733 
3163 633 589 172 622 
3164 567 541 397 765 
3165 403 576 402 737 
3166 121 176 122 506 
3167 625 527 171 742 
3168 176 180 183 733 
3169 537 215 554 732 
3170 402 400 403 737 
3171 350 321 301 740 
3172 165 521 631 523 
3173 447 168 559 629 
3174 394 415 564 761 
3175 633 626 625 742 
3176 620 163 164 207 
3177 388 409 359 727 
3178 126 125 185 216 
3179 195 547 570 730 
3180 210 592 139 713 
3181 412 390 391 749 
3182 260 292 619 758 
3183 456 448 455 762 
3184 252 473 253 738 
3185 161 162 624 219 
3186 363 317 364 763 
3187 535 172 171 633 
3188 175 116 102 587 
3189 528 381 223 734 
3190 475 328 439 729 
3191 204 184 123 562 
3192 403 400 585 737 
3193 537 117 215 732 
3194 214 170 169 621 
3195 116 587 186 537 
3196 203 552 452 711 
3197 291 317 316 763 
3198 398 333 382 743 
3199 547 433 570 730 
3200 316 317 363 763 
3201 589 172 535 633 
3202 589 103 172 622 
3203 137 190 482 746 
3204 447 169 168 629 
3205 123 122 184 204 
3206 186 117 116 537 
3207 631 164 165 523 
3208 171 170 527 625 
3209 316 471 286 728 
3210 254 489 516 756 
3211 187 102 127 588 
3212 593 550 345 748 
3213 118 117 178 215 
3214 559 168 167 629 
3215 632 162 163 526 
3216 527 535 171 742 
3217 398 382 566 743 
3218 475 613 328 729 
3219 196 591 449 760 
3220 634 103 161 600 
3221 316 426 471 728 
3222 328 613 380 729 
3223 120 119 182 205 
3224 125 124 173 572 
3225 166 165 521 631 
3226 124 123 184 562 
3227 140 706 578 141 
3228 578 706 140 667 
3229 762 699 540 727 
3230 762 540 699 663 
3231 691 244 451 510 
3232 691 451 244 646 
3233 435 712 153 579 
3234 153 712 435 668 
3235 700 185 538 177 
3236 700 538 185 216 
3237 715 732 700 220 
3238 700 732 715 647 
3239 211 717 493 558 
3240 493 717 211 699 
3241 745 650 636 677 
3242 745 636 650 706 
3243 765 575 687 397 
3244 765 687 575 701 
3245 734 158 159 687 
3246 734 159 158 222 
3247 721 224 225 654 
3248 721 225 224 226 
3249 521 711 631 666 
3250 521 631 711 623 
3251 630 631 711 666 
3252 630 711 631 623 
3253 718 526 678 666 
3254 718 678 526 597 
3255 509 690 200 425 
3256 200 690 509 664 
3257 545 650 708 143 
3258 545 708 650 727 
3259 700 732 181 179 
3260 700 181 732 647 
3261 180 181 732 179 
3262 180 732 181 647 
3263 696 188 556 650 
3264 696 556 188 544 
3265 705 135 209 649 
3266 705 209 135 481 
3267 204 685 518 546 
3268 518 685 204 657 
3269 715 601 725 647 
3270 715 725 601 396 
3271 684 277 498 659 
3272 684 498 277 280 
3273 754 225 227 515 
3274 754 227 225 654 
3275 759 250 251 249 
3276 759 251 250 665 
3277 624 526 162 632 
3278 162 526 624 219 
3279 739 189 530 616 
3280 739 530 189 723 
3281 582 746 429 565 
3282 429 746 582 660 
3283 711 447 754 416 
3284 711 754 447 655 
3285 754 447 533 383 
3286 754 533 447 655 
3287 741 432 431 405 
3288 741 431 432 722 
3289 744 341 387 360 
3290 744 387 341 652 
3291 726 739 342 344 
3292 726 342 739 665 
3293 304 342 739 344 
3294 304 739 342 665 
3295 739 486 189 616 
3296 739 189 486 661 
3297 719 306 585 690 
3298 719 585 306 458 
3299 706 544 411 696 
3300 706 411 544 560 
3301 620 526 163 207 
3302 163 526 620 632 
3303 326 731 328 327 
3304 326 328 731 669 
3305 334 328 731 327 
3306 334 731 328 669 
3307 727 448 358 388 
3308 727 358 448 694 
3309 753 328 439 326 
3310 753 439 328 729 
3311 738 759 350 682 
3312 738 350 759 454 
3313 399 350 759 682 
3314 399 759 350 454 
3315 743 194 446 674 
3316 743 446 194 566 
3317 726 486 739 571 
3318 726 739 486 661 
3319 234 741 522 237 
3320 522 741 234 716 
3321 215 174 118 525 
3322 215 118 174 178 
3323 743 332 330 333 
3324 743 330 332 707 
3325 733 121 182 520 
3326 733 182 121 176 
3327 760 613 667 729 
3328 760 667 613 449 
3329 136 746 209 679 
3330 136 209 746 482 
3331 606 209 746 679 
3332 606 746 209 482 
3333 751 402 576 737 
3334 751 576 402 508 
3335 570 746 433 137 
3336 433 746 570 730 
3337 219 634 678 624 
3338 219 678 634 600 
3339 446 213 671 476 
3340 671 213 446 460 
3341 540 388 727 409 
3342 540 727 388 598 
3343 728 731 276 659 
3344 276 731 728 673 
3345 731 273 276 275 
3346 731 276 273 673 
3347 479 731 441 327 
3348 441 731 479 686 
3349 731 441 498 686 
3350 731 498 441 285 
$EndElements
